filename,class_#
rhangloosepointcloud_035.png,1
rhangloosepointcloud_254.png,1
rhangloosepointcloud_121.png,1
rhangloosepointcloud_043.png,1
rhangloosepointcloud_033.png,1
nrhangloose_023.png,1
rhangloosepointcloud_242.png,1
nrhangloose_047.png,1
nrhangloose_080.png,1
nrhangloose_127.png,1
rhangloosepointcloud_012.png,1
rhangloosepointcloud_099.png,1
nrhangloose_039.png,1
rhangloosepointcloud_217.png,1
nrhangloose_083.png,1
rhangloosepointcloud_009.png,1
rhangloosepointcloud_221.png,1
rhangloosepointcloud_220.png,1
nrhangloose_104.png,1
rhangloosepointcloud_022.png,1
rhangloosepointcloud_214.png,1
rhangloosepointcloud_261.png,1
rhangloosepointcloud_102.png,1
nrhangloose_051.png,1
rhangloosepointcloud_070.png,1
rhangloosepointcloud_204.png,1
rhangloosepointcloud_138.png,1
rhangloosepointcloud_286.png,1
nrhangloose_112.png,1
rhangloosepointcloud_064.png,1
rhangloosepointcloud_116.png,1
rhangloosepointcloud_021.png,1
rhangloosepointcloud_134.png,1
rhangloosepointcloud_241.png,1
rhangloosepointcloud_058.png,1
nrhangloose_054.png,1
rhangloosepointcloud_239.png,1
rhangloosepointcloud_250.png,1
nrhangloose_114.png,1
rhangloosepointcloud_055.png,1
nrhangloose_122.png,1
rhangloosepointcloud_041.png,1
rhangloosepointcloud_276.png,1
nrhangloose_119.png,1
rhangloosepointcloud_052.png,1
rhangloosepointcloud_227.png,1
nrhangloose_088.png,1
rhangloosepointcloud_245.png,1
rhangloosepointcloud_097.png,1
rhangloosepointcloud_120.png,1
rhangloosepointcloud_267.png,1
nrhangloose_031.png,1
rhangloosepointcloud_054.png,1
rhangloosepointcloud_094.png,1
rhangloosepointcloud_200.png,1
rhangloosepointcloud_169.png,1
rhangloosepointcloud_167.png,1
nrhangloose_034.png,1
rhangloosepointcloud_275.png,1
rhangloosepointcloud_130.png,1
rhangloosepointcloud_140.png,1
nrhangloose_123.png,1
rhangloosepointcloud_018.png,1
rhangloosepointcloud_268.png,1
rhangloosepointcloud_014.png,1
rhangloosepointcloud_133.png,1
rhangloosepointcloud_057.png,1
rhangloosepointcloud_085.png,1
rhangloosepointcloud_229.png,1
rhangloosepointcloud_006.png,1
nrhangloose_017.png,1
rhangloosepointcloud_202.png,1
rhangloosepointcloud_077.png,1
rhangloosepointcloud_046.png,1
nrhangloose_100.png,1
rhangloosepointcloud_084.png,1
nrhangloose_087.png,1
rhangloosepointcloud_072.png,1
rhangloosepointcloud_017.png,1
rhangloosepointcloud_019.png,1
rhangloosepointcloud_232.png,1
nrhangloose_018.png,1
nrhangloose_019.png,1
rhangloosepointcloud_278.png,1
rhangloosepointcloud_256.png,1
rhangloosepointcloud_224.png,1
rhangloosepointcloud_246.png,1
rhangloosepointcloud_092.png,1
rhangloosepointcloud_100.png,1
rhangloosepointcloud_270.png,1
rhangloosepointcloud_132.png,1
rhangloosepointcloud_174.png,1
rhangloosepointcloud_028.png,1
rhangloosepointcloud_045.png,1
nrhangloose_093.png,1
nrhangloose_085.png,1
nrhangloose_044.png,1
nrhangloose_005.png,1
rhangloosepointcloud_273.png,1
rhangloosepointcloud_065.png,1
rhangloosepointcloud_024.png,1
rhangloosepointcloud_095.png,1
rhangloosepointcloud_123.png,1
nrhangloose_029.png,1
nrhangloose_067.png,1
rhangloosepointcloud_233.png,1
nrhangloose_096.png,1
rhangloosepointcloud_029.png,1
nrhangloose_120.png,1
nrhangloose_037.png,1
nrhangloose_076.png,1
rhangloosepointcloud_228.png,1
nrhangloose_125.png,1
nrhangloose_024.png,1
rhangloosepointcloud_125.png,1
nrhangloose_097.png,1
rhangloosepointcloud_164.png,1
rhangloosepointcloud_068.png,1
rhangloosepointcloud_160.png,1
nrhangloose_046.png,1
rhangloosepointcloud_113.png,1
rhangloosepointcloud_291.png,1
rhangloosepointcloud_236.png,1
nrhangloose_095.png,1
nrhangloose_066.png,1
rhangloosepointcloud_003.png,1
rhangloosepointcloud_011.png,1
rhangloosepointcloud_287.png,1
rhangloosepointcloud_008.png,1
rhangloosepointcloud_063.png,1
nrhangloose_016.png,1
nrhangloose_010.png,1
rhangloosepointcloud_251.png,1
nrhangloose_033.png,1
rhangloosepointcloud_185.png,1
nrhangloose_107.png,1
nrhangloose_075.png,1
rhangloosepointcloud_223.png,1
rhangloosepointcloud_235.png,1
nrhangloose_057.png,1
rhangloosepointcloud_135.png,1
rhangloosepointcloud_007.png,1
rhangloosepointcloud_170.png,1
rhangloosepointcloud_175.png,1
nrhangloose_109.png,1
rhangloosepointcloud_122.png,1
rhangloosepointcloud_240.png,1
rhangloosepointcloud_015.png,1
rhangloosepointcloud_263.png,1
rhangloosepointcloud_114.png,1
rhangloosepointcloud_066.png,1
rhangloosepointcloud_222.png,1
nrhangloose_094.png,1
rhangloosepointcloud_163.png,1
nrhangloose_135.png,1
rhangloosepointcloud_005.png,1
rhangloosepointcloud_249.png,1
rhangloosepointcloud_016.png,1
nrhangloose_035.png,1
nrhangloose_043.png,1
nrhangloose_131.png,1
nrhangloose_069.png,1
rhangloosepointcloud_279.png,1
nrhangloose_021.png,1
nrhangloose_133.png,1
nrhangloose_038.png,1
rhangloosepointcloud_281.png,1
rhangloosepointcloud_203.png,1
nrhangloose_101.png,1
rhangloosepointcloud_155.png,1
rhangloosepointcloud_060.png,1
nrhangloose_071.png,1
rhangloosepointcloud_040.png,1
nrhangloose_041.png,1
nrhangloose_006.png,1
nrhangloose_060.png,1
rhangloosepointcloud_127.png,1
rhangloosepointcloud_213.png,1
rhangloosepointcloud_162.png,1
rhangloosepointcloud_098.png,1
nrhangloose_078.png,1
nrhangloose_070.png,1
rhangloosepointcloud_247.png,1
rhangloosepointcloud_215.png,1
rhangloosepointcloud_216.png,1
rhangloosepointcloud_042.png,1
rhangloosepointcloud_156.png,1
rhangloosepointcloud_244.png,1
rhangloosepointcloud_119.png,1
nrhangloose_020.png,1
rhangloosepointcloud_252.png,1
rhangloosepointcloud_271.png,1
nrhangloose_073.png,1
nrhangloose_084.png,1
nrhangloose_099.png,1
rhangloosepointcloud_212.png,1
rhangloosepointcloud_257.png,1
nrhangloose_001.png,1
rmiddlefingerpointcloud_217.png,2
rmiddlefingerpointcloud_089.png,2
nrmiddlefinger_076.png,2
rmiddlefingerpointcloud_158.png,2
nrmiddlefinger_101.png,2
rmiddlefingerpointcloud_245.png,2
nrmiddlefinger_103.png,2
rmiddlefingerpointcloud_097.png,2
rmiddlefingerpointcloud_124.png,2
nrmiddlefinger_043.png,2
rmiddlefingerpointcloud_255.png,2
nrmiddlefinger_029.png,2
nrmiddlefinger_073.png,2
rmiddlefingerpointcloud_163.png,2
rmiddlefingerpointcloud_325.png,2
nrmiddlefinger_034.png,2
nrmiddlefinger_060.png,2
rmiddlefingerpointcloud_256.png,2
nrmiddlefinger_044.png,2
rmiddlefingerpointcloud_279.png,2
rmiddlefingerpointcloud_017.png,2
rmiddlefingerpointcloud_159.png,2
rmiddlefingerpointcloud_161.png,2
nrmiddlefinger_006.png,2
rmiddlefingerpointcloud_148.png,2
rmiddlefingerpointcloud_232.png,2
nrmiddlefinger_092.png,2
rmiddlefingerpointcloud_061.png,2
rmiddlefingerpointcloud_326.png,2
rmiddlefingerpointcloud_310.png,2
rmiddlefingerpointcloud_301.png,2
rmiddlefingerpointcloud_314.png,2
rmiddlefingerpointcloud_022.png,2
rmiddlefingerpointcloud_170.png,2
nrmiddlefinger_066.png,2
rmiddlefingerpointcloud_042.png,2
rmiddlefingerpointcloud_302.png,2
rmiddlefingerpointcloud_146.png,2
nrmiddlefinger_078.png,2
rmiddlefingerpointcloud_174.png,2
rmiddlefingerpointcloud_116.png,2
rmiddlefingerpointcloud_096.png,2
rmiddlefingerpointcloud_311.png,2
rmiddlefingerpointcloud_003.png,2
rmiddlefingerpointcloud_072.png,2
rmiddlefingerpointcloud_087.png,2
nrmiddlefinger_018.png,2
rmiddlefingerpointcloud_107.png,2
rmiddlefingerpointcloud_219.png,2
rmiddlefingerpointcloud_030.png,2
rmiddlefingerpointcloud_280.png,2
nrmiddlefinger_033.png,2
nrmiddlefinger_094.png,2
nrmiddlefinger_030.png,2
rmiddlefingerpointcloud_118.png,2
nrmiddlefinger_083.png,2
rmiddlefingerpointcloud_024.png,2
rmiddlefingerpointcloud_222.png,2
nrmiddlefinger_005.png,2
rmiddlefingerpointcloud_200.png,2
rmiddlefingerpointcloud_033.png,2
rmiddlefingerpointcloud_207.png,2
nrmiddlefinger_106.png,2
nrmiddlefinger_097.png,2
rmiddlefingerpointcloud_171.png,2
rmiddlefingerpointcloud_212.png,2
rmiddlefingerpointcloud_198.png,2
rmiddlefingerpointcloud_121.png,2
rmiddlefingerpointcloud_274.png,2
rmiddlefingerpointcloud_195.png,2
rmiddlefingerpointcloud_271.png,2
rmiddlefingerpointcloud_057.png,2
rmiddlefingerpointcloud_227.png,2
rmiddlefingerpointcloud_183.png,2
rmiddlefingerpointcloud_104.png,2
nrmiddlefinger_072.png,2
nrmiddlefinger_086.png,2
rmiddlefingerpointcloud_018.png,2
rmiddlefingerpointcloud_045.png,2
rmiddlefingerpointcloud_285.png,2
rmiddlefingerpointcloud_297.png,2
nrmiddlefinger_062.png,2
rmiddlefingerpointcloud_039.png,2
rmiddlefingerpointcloud_267.png,2
nrmiddlefinger_003.png,2
rmiddlefingerpointcloud_160.png,2
rmiddlefingerpointcloud_172.png,2
rmiddlefingerpointcloud_032.png,2
rmiddlefingerpointcloud_068.png,2
nrmiddlefinger_021.png,2
nrmiddlefinger_017.png,2
rmiddlefingerpointcloud_140.png,2
rmiddlefingerpointcloud_180.png,2
rmiddlefingerpointcloud_303.png,2
rmiddlefingerpointcloud_199.png,2
rmiddlefingerpointcloud_093.png,2
rmiddlefingerpointcloud_036.png,2
nrmiddlefinger_053.png,2
rmiddlefingerpointcloud_052.png,2
rmiddlefingerpointcloud_073.png,2
rmiddlefingerpointcloud_277.png,2
rmiddlefingerpointcloud_083.png,2
nrmiddlefinger_079.png,2
rmiddlefingerpointcloud_263.png,2
rmiddlefingerpointcloud_193.png,2
rmiddlefingerpointcloud_238.png,2
nrmiddlefinger_055.png,2
nrmiddlefinger_069.png,2
rmiddlefingerpointcloud_142.png,2
nrmiddlefinger_074.png,2
nrmiddlefinger_026.png,2
rmiddlefingerpointcloud_011.png,2
rmiddlefingerpointcloud_103.png,2
nrmiddlefinger_099.png,2
rmiddlefingerpointcloud_283.png,2
rmiddlefingerpointcloud_327.png,2
rmiddlefingerpointcloud_082.png,2
rmiddlefingerpointcloud_162.png,2
nrmiddlefinger_063.png,2
rmiddlefingerpointcloud_128.png,2
nrmiddlefinger_013.png,2
rmiddlefingerpointcloud_078.png,2
rmiddlefingerpointcloud_004.png,2
nrmiddlefinger_038.png,2
rmiddlefingerpointcloud_230.png,2
nrmiddlefinger_100.png,2
nrmiddlefinger_109.png,2
rmiddlefingerpointcloud_154.png,2
rmiddlefingerpointcloud_120.png,2
rmiddlefingerpointcloud_047.png,2
nrmiddlefinger_108.png,2
rmiddlefingerpointcloud_131.png,2
rmiddlefingerpointcloud_330.png,2
rmiddlefingerpointcloud_034.png,2
rmiddlefingerpointcloud_055.png,2
rmiddlefingerpointcloud_191.png,2
rmiddlefingerpointcloud_236.png,2
nrmiddlefinger_042.png,2
nrmiddlefinger_105.png,2
rmiddlefingerpointcloud_046.png,2
rmiddlefingerpointcloud_007.png,2
rmiddlefingerpointcloud_049.png,2
nrmiddlefinger_112.png,2
rmiddlefingerpointcloud_099.png,2
nrmiddlefinger_107.png,2
rmiddlefingerpointcloud_304.png,2
rmiddlefingerpointcloud_165.png,2
rmiddlefingerpointcloud_229.png,2
rmiddlefingerpointcloud_184.png,2
rmiddlefingerpointcloud_237.png,2
rmiddlefingerpointcloud_233.png,2
nrmiddlefinger_054.png,2
rmiddlefingerpointcloud_115.png,2
rmiddlefingerpointcloud_106.png,2
rmiddlefingerpointcloud_240.png,2
nrmiddlefinger_025.png,2
nrmiddlefinger_022.png,2
nrmiddlefinger_084.png,2
nrmiddlefinger_051.png,2
rmiddlefingerpointcloud_135.png,2
rmiddlefingerpointcloud_037.png,2
rmiddlefingerpointcloud_175.png,2
rmiddlefingerpointcloud_101.png,2
rmiddlefingerpointcloud_150.png,2
rmiddlefingerpointcloud_063.png,2
rmiddlefingerpointcloud_000.png,2
rmiddlefingerpointcloud_016.png,2
rmiddlefingerpointcloud_062.png,2
rmiddlefingerpointcloud_145.png,2
nrmiddlefinger_011.png,2
rmiddlefingerpointcloud_206.png,2
nrmiddlefinger_031.png,2
rmiddlefingerpointcloud_137.png,2
rmiddlefingerpointcloud_214.png,2
nrmiddlefinger_087.png,2
nrmiddlefinger_045.png,2
rmiddlefingerpointcloud_254.png,2
rmiddlefingerpointcloud_009.png,2
rmiddlefingerpointcloud_114.png,2
rmiddlefingerpointcloud_187.png,2
rmiddlefingerpointcloud_100.png,2
rmiddlefingerpointcloud_168.png,2
rmiddlefingerpointcloud_197.png,2
rmiddlefingerpointcloud_185.png,2
rmiddlefingerpointcloud_275.png,2
nrmiddlefinger_096.png,2
rmiddlefingerpointcloud_008.png,2
rmiddlefingerpointcloud_044.png,2
nrmiddlefinger_052.png,2
rmiddlefingerpointcloud_177.png,2
rmiddlefingerpointcloud_215.png,2
nrmiddlefinger_068.png,2
nrmiddlefinger_070.png,2
nrmiddlefinger_110.png,2
rmiddlefingerpointcloud_019.png,2
rmiddlefingerpointcloud_075.png,2
nrmiddlefinger_056.png,2
nrmiddlefinger_067.png,2
rmiddlefingerpointcloud_080.png,2
rmiddlefingerpointcloud_259.png,2
rmiddlefingerpointcloud_035.png,2
rmiddlefingerpointcloud_296.png,2
rmiddlefingerpointcloud_202.png,2
rmiddlefingerpointcloud_322.png,2
nrmiddlefinger_090.png,2
rmiddlefingerpointcloud_228.png,2
rmiddlefingerpointcloud_182.png,2
rmiddlefingerpointcloud_050.png,2
nrmiddlefinger_020.png,2
rmiddlefingerpointcloud_332.png,2
rmiddlefingerpointcloud_252.png,2
rmiddlefingerpointcloud_051.png,2
rmiddlefingerpointcloud_331.png,2
rmiddlefingerpointcloud_324.png,2
nrmiddlefinger_075.png,2
nrmiddlefinger_041.png,2
rmiddlefingerpointcloud_157.png,2
rmiddlefingerpointcloud_048.png,2
rmiddlefingerpointcloud_126.png,2
rmiddlefingerpointcloud_021.png,2
rmiddlefingerpointcloud_293.png,2
rmiddlefingerpointcloud_181.png,2
nrmiddlefinger_081.png,2
rmiddlefingerpointcloud_192.png,2
nrmiddlefinger_037.png,2
rmiddlefingerpointcloud_023.png,2
rmiddlefingerpointcloud_260.png,2
rmiddlefingerpointcloud_026.png,2
nrmiddlefinger_111.png,2
rmiddlefingerpointcloud_261.png,2
rmiddlefingerpointcloud_306.png,2
rmiddlefingerpointcloud_060.png,2
rmiddlefingerpointcloud_316.png,2
nrmiddlefinger_012.png,2
rmiddlefingerpointcloud_138.png,2
rmiddlefingerpointcloud_029.png,2
rmiddlefingerpointcloud_258.png,2
rmiddlefingerpointcloud_119.png,2
rmiddlefingerpointcloud_317.png,2
rmiddlefingerpointcloud_196.png,2
rmiddlefingerpointcloud_278.png,2
rmiddlefingerpointcloud_298.png,2
rmiddlefingerpointcloud_244.png,2
rmiddlefingerpointcloud_127.png,2
rmiddlefingerpointcloud_058.png,2
rmiddlefingerpointcloud_205.png,2
rmiddlefingerpointcloud_122.png,2
rmiddlefingerpointcloud_066.png,2
rmiddlefingerpointcloud_225.png,2
rmiddlefingerpointcloud_323.png,2
nrmiddlefinger_088.png,2
rmiddlefingerpointcloud_166.png,2
rmiddlefingerpointcloud_307.png,2
nrmiddlefinger_000.png,2
rmiddlefingerpointcloud_010.png,2
rmiddlefingerpointcloud_241.png,2
rmiddlefingerpointcloud_262.png,2
nrmiddlefinger_095.png,2
rmiddlefingerpointcloud_056.png,2
nrmiddlefinger_032.png,2
rmiddlefingerpointcloud_287.png,2
rmiddlefingerpointcloud_266.png,2
nrmiddlefinger_082.png,2
rmiddlefingerpointcloud_090.png,2
rmiddlefingerpointcloud_098.png,2
nrmiddlefinger_089.png,2
rmiddlefingerpointcloud_164.png,2
rmiddlefingerpointcloud_194.png,2
nrmiddlefinger_058.png,2
rmiddlefingerpointcloud_015.png,2
rmiddlefingerpointcloud_211.png,2
nrmiddlefinger_061.png,2
rmiddlefingerpointcloud_149.png,2
nrmiddlefinger_098.png,2
nrmiddlefinger_093.png,2
rmiddlefingerpointcloud_320.png,2
rmiddlefingerpointcloud_123.png,2
rmiddlefingerpointcloud_226.png,2
rmiddlefingerpointcloud_295.png,2
rmiddlefingerpointcloud_300.png,2
rpeacepointcloud_250.png,3
rpeacepointcloud_078.png,3
rpeacepointcloud_025.png,3
rpeacepointcloud_098.png,3
rpeacepointcloud_172.png,3
rpeacepointcloud_137.png,3
rpeacepointcloud_101.png,3
rpeacepointcloud_297.png,3
rpeacepointcloud_028.png,3
rpeacepointcloud_190.png,3
rpeacepointcloud_240.png,3
rpeacepointcloud_043.png,3
rpeacepointcloud_258.png,3
rpeacepointcloud_102.png,3
rpeacepointcloud_038.png,3
rpeacepointcloud_048.png,3
rpeacepointcloud_230.png,3
rpeacepointcloud_302.png,3
rpeacepointcloud_127.png,3
rpeacepointcloud_116.png,3
rpeacepointcloud_184.png,3
rpeacepointcloud_316.png,3
rpeacepointcloud_073.png,3
rpeacepointcloud_139.png,3
rpeacepointcloud_320.png,3
rpeacepointcloud_156.png,3
rpeacepointcloud_032.png,3
rpeacepointcloud_142.png,3
rpeacepointcloud_122.png,3
rpeacepointcloud_146.png,3
rpeacepointcloud_317.png,3
rpeacepointcloud_268.png,3
rpeacepointcloud_070.png,3
rpeacepointcloud_169.png,3
rpeacepointcloud_205.png,3
rpeacepointcloud_292.png,3
rpeacepointcloud_237.png,3
rpeacepointcloud_213.png,3
rpeacepointcloud_225.png,3
rpeacepointcloud_022.png,3
rpeacepointcloud_278.png,3
rpeacepointcloud_303.png,3
rpeacepointcloud_125.png,3
rpeacepointcloud_096.png,3
rpeacepointcloud_105.png,3
rpeacepointcloud_054.png,3
rpeacepointcloud_074.png,3
rpeacepointcloud_231.png,3
rpeacepointcloud_290.png,3
rpeacepointcloud_174.png,3
rpeacepointcloud_168.png,3
rpeacepointcloud_159.png,3
rpeacepointcloud_314.png,3
rpeacepointcloud_189.png,3
rpeacepointcloud_236.png,3
rpeacepointcloud_108.png,3
rpeacepointcloud_178.png,3
rpeacepointcloud_037.png,3
rpeacepointcloud_200.png,3
rpeacepointcloud_198.png,3
rpeacepointcloud_301.png,3
rpeacepointcloud_014.png,3
rpeacepointcloud_141.png,3
rpeacepointcloud_030.png,3
rpeacepointcloud_257.png,3
rpeacepointcloud_164.png,3
rpeacepointcloud_092.png,3
rpeacepointcloud_120.png,3
rpeacepointcloud_097.png,3
rpeacepointcloud_221.png,3
rpeacepointcloud_269.png,3
rpeacepointcloud_201.png,3
rpeacepointcloud_088.png,3
rpeacepointcloud_262.png,3
rpeacepointcloud_300.png,3
rpeacepointcloud_144.png,3
rpeacepointcloud_076.png,3
rpeacepointcloud_130.png,3
rpeacepointcloud_050.png,3
rpeacepointcloud_155.png,3
rpeacepointcloud_019.png,3
rpeacepointcloud_282.png,3
rpeacepointcloud_129.png,3
rpeacepointcloud_123.png,3
rpeacepointcloud_112.png,3
rpeacepointcloud_110.png,3
rpeacepointcloud_093.png,3
rpeacepointcloud_147.png,3
rpeacepointcloud_150.png,3
rpeacepointcloud_181.png,3
rpeacepointcloud_304.png,3
rpeacepointcloud_202.png,3
rpeacepointcloud_305.png,3
rpeacepointcloud_291.png,3
rpeacepointcloud_218.png,3
rpeacepointcloud_306.png,3
rpeacepointcloud_031.png,3
rpeacepointcloud_133.png,3
rpeacepointcloud_206.png,3
rpeacepointcloud_126.png,3
rpeacepointcloud_015.png,3
rpeacepointcloud_226.png,3
rpeacepointcloud_107.png,3
rpeacepointcloud_245.png,3
rpeacepointcloud_187.png,3
rpeacepointcloud_276.png,3
rpeacepointcloud_193.png,3
rpeacepointcloud_267.png,3
rpeacepointcloud_246.png,3
rpeacepointcloud_203.png,3
rpeacepointcloud_299.png,3
rpeacepointcloud_286.png,3
rpeacepointcloud_071.png,3
rpeacepointcloud_285.png,3
rpeacepointcloud_136.png,3
rpeacepointcloud_251.png,3
rpeacepointcloud_100.png,3
rpeacepointcloud_199.png,3
rpeacepointcloud_241.png,3
rpeacepointcloud_157.png,3
rpeacepointcloud_167.png,3
rpeacepointcloud_310.png,3
rpeacepointcloud_020.png,3
rpeacepointcloud_216.png,3
rpeacepointcloud_308.png,3
rpeacepointcloud_215.png,3
rpeacepointcloud_026.png,3
rpeacepointcloud_008.png,3
rpeacepointcloud_044.png,3
rpeacepointcloud_109.png,3
rpeacepointcloud_289.png,3
rpeacepointcloud_069.png,3
rpeacepointcloud_113.png,3
rpeacepointcloud_063.png,3
rpeacepointcloud_066.png,3
rpeacepointcloud_017.png,3
rpeacepointcloud_106.png,3
rpeacepointcloud_053.png,3
rpeacepointcloud_256.png,3
rpeacepointcloud_295.png,3
rpeacepointcloud_247.png,3
rpeacepointcloud_309.png,3
rpeacepointcloud_204.png,3
rpeacepointcloud_214.png,3
rpeacepointcloud_145.png,3
rpeacepointcloud_264.png,3
rpeacepointcloud_160.png,3
rpeacepointcloud_086.png,3
rpeacepointcloud_211.png,3
rpeacepointcloud_058.png,3
rpeacepointcloud_244.png,3
rpeacepointcloud_036.png,3
rpeacepointcloud_013.png,3
rpeacepointcloud_242.png,3
rpeacepointcloud_121.png,3
rpeacepointcloud_255.png,3
rpeacepointcloud_165.png,3
rpeacepointcloud_131.png,3
rpeacepointcloud_166.png,3
rpeacepointcloud_171.png,3
rpeacepointcloud_239.png,3
rpeacepointcloud_188.png,3
rpeacepointcloud_217.png,3
rpeacepointcloud_319.png,3
rpeacepointcloud_023.png,3
rpeacepointcloud_033.png,3
rpeacepointcloud_151.png,3
rpeacepointcloud_056.png,3
rpeacepointcloud_232.png,3
rpeacepointcloud_284.png,3
rpeacepointcloud_220.png,3
rpeacepointcloud_176.png,3
rpeacepointcloud_060.png,3
rpeacepointcloud_253.png,3
rpeacepointcloud_249.png,3
rpeacepointcloud_051.png,3
rpeacepointcloud_296.png,3
rpeacepointcloud_233.png,3
rpeacepointcloud_065.png,3
rpeacepointcloud_002.png,3
rpeacepointcloud_095.png,3
rpeacepointcloud_027.png,3
rpeacepointcloud_062.png,3
rpeacepointcloud_010.png,3
rpeacepointcloud_283.png,3
rpeacepointcloud_055.png,3
rpeacepointcloud_179.png,3
rpeacepointcloud_052.png,3
rpeacepointcloud_158.png,3
rpeacepointcloud_021.png,3
rpeacepointcloud_224.png,3
rpeacepointcloud_005.png,3
rpeacepointcloud_185.png,3
rpeacepointcloud_196.png,3
rpeacepointcloud_072.png,3
rpeacepointcloud_009.png,3
rpeacepointcloud_293.png,3
rpeacepointcloud_029.png,3
rpeacepointcloud_039.png,3
rpeacepointcloud_212.png,3
rpeacepointcloud_049.png,3
rpeacepointcloud_143.png,3
rpeacepointcloud_091.png,3
rpeacepointcloud_080.png,3
rpeacepointcloud_192.png,3
rpeacepointcloud_128.png,3
rpeacepointcloud_087.png,3
rpeacepointcloud_182.png,3
rpeacepointcloud_194.png,3
rpeacepointcloud_153.png,3
rpeacepointcloud_099.png,3
rpeacepointcloud_208.png,3
rpeacepointcloud_067.png,3
rpeacepointcloud_035.png,3
rpeacepointcloud_118.png,3
rpeacepointcloud_024.png,3
rpeacepointcloud_061.png,3
rpeacepointcloud_279.png,3
rpeacepointcloud_234.png,3
rpeacepointcloud_140.png,3
rpeacepointcloud_162.png,3
rpeacepointcloud_154.png,3
rpeacepointcloud_034.png,3
rpeacepointcloud_195.png,3
rpeacepointcloud_161.png,3
nrrock_089.png,4
nrrock_418.png,4
nrrock_338.png,4
nrrock_080.png,4
nrrock_259.png,4
nrrock_487.png,4
nrrock_059.png,4
nrrock_457.png,4
nrrock_053.png,4
nrrock_488.png,4
nrrock_355.png,4
nrrock_128.png,4
nrrock_001.png,4
nrrock_436.png,4
nrrock_172.png,4
nrrock_170.png,4
nrrock_082.png,4
rrockpointcloud_082.png,4
nrrock_002.png,4
nrrock_407.png,4
rrockpointcloud_096.png,4
nrrock_472.png,4
nrrock_360.png,4
nrrock_079.png,4
nrrock_130.png,4
rrockpointcloud_184.png,4
rrockpointcloud_075.png,4
nrrock_224.png,4
rrockpointcloud_155.png,4
rrockpointcloud_054.png,4
nrrock_061.png,4
rrockpointcloud_256.png,4
nrrock_230.png,4
nrrock_343.png,4
nrrock_456.png,4
nrrock_395.png,4
rrockpointcloud_052.png,4
nrrock_244.png,4
nrrock_425.png,4
nrrock_313.png,4
nrrock_088.png,4
nrrock_469.png,4
nrrock_070.png,4
nrrock_164.png,4
nrrock_476.png,4
nrrock_381.png,4
nrrock_289.png,4
nrrock_119.png,4
nrrock_044.png,4
nrrock_017.png,4
nrrock_210.png,4
nrrock_485.png,4
rrockpointcloud_047.png,4
nrrock_150.png,4
nrrock_415.png,4
nrrock_177.png,4
nrrock_206.png,4
nrrock_431.png,4
rrockpointcloud_083.png,4
nrrock_405.png,4
nrrock_020.png,4
rrockpointcloud_255.png,4
nrrock_208.png,4
nrrock_429.png,4
nrrock_306.png,4
rrockpointcloud_305.png,4
nrrock_274.png,4
rrockpointcloud_040.png,4
nrrock_239.png,4
nrrock_483.png,4
nrrock_470.png,4
rrockpointcloud_034.png,4
nrrock_067.png,4
nrrock_299.png,4
rrockpointcloud_020.png,4
nrrock_114.png,4
rrockpointcloud_055.png,4
nrrock_225.png,4
nrrock_120.png,4
rrockpointcloud_046.png,4
rrockpointcloud_017.png,4
nrrock_173.png,4
nrrock_007.png,4
rrockpointcloud_051.png,4
nrrock_154.png,4
rrockpointcloud_015.png,4
rrockpointcloud_029.png,4
nrrock_118.png,4
nrrock_162.png,4
rrockpointcloud_063.png,4
nrrock_480.png,4
nrrock_220.png,4
rrockpointcloud_186.png,4
nrrock_143.png,4
nrrock_033.png,4
nrrock_222.png,4
nrrock_430.png,4
nrrock_005.png,4
nrrock_386.png,4
nrrock_068.png,4
nrrock_241.png,4
nrrock_182.png,4
rrockpointcloud_147.png,4
nrrock_321.png,4
nrrock_294.png,4
nrrock_253.png,4
nrrock_229.png,4
nrrock_331.png,4
nrrock_339.png,4
nrrock_065.png,4
rrockpointcloud_116.png,4
nrrock_056.png,4
nrrock_301.png,4
nrrock_433.png,4
nrrock_127.png,4
nrrock_375.png,4
nrrock_092.png,4
nrrock_371.png,4
rrockpointcloud_086.png,4
rrockpointcloud_257.png,4
nrrock_370.png,4
rrockpointcloud_099.png,4
nrrock_329.png,4
nrrock_389.png,4
nrrock_273.png,4
rrockpointcloud_185.png,4
rrockpointcloud_144.png,4
nrrock_009.png,4
nrrock_031.png,4
nrrock_032.png,4
nrrock_373.png,4
nrrock_043.png,4
nrrock_147.png,4
nrrock_099.png,4
nrrock_327.png,4
nrrock_362.png,4
nrrock_406.png,4
nrrock_179.png,4
rrockpointcloud_242.png,4
nrrock_448.png,4
nrrock_200.png,4
rrockpointcloud_081.png,4
nrrock_139.png,4
nrrock_055.png,4
nrrock_202.png,4
nrrock_450.png,4
nrrock_103.png,4
nrrock_077.png,4
rrockpointcloud_013.png,4
nrrock_376.png,4
nrrock_098.png,4
nrrock_240.png,4
rrockpointcloud_150.png,4
nrrock_408.png,4
nrrock_473.png,4
nrrock_019.png,4
nrrock_262.png,4
nrrock_221.png,4
nrrock_039.png,4
nrrock_185.png,4
nrrock_344.png,4
nrrock_076.png,4
nrrock_209.png,4
nrrock_267.png,4
nrrock_479.png,4
nrrock_245.png,4
nrrock_060.png,4
nrrock_084.png,4
nrrock_047.png,4
nrrock_454.png,4
nrrock_140.png,4
nrrock_463.png,4
nrrock_334.png,4
rrockpointcloud_077.png,4
nrrock_385.png,4
nrrock_285.png,4
nrrock_291.png,4
rrockpointcloud_041.png,4
nrrock_420.png,4
rrockpointcloud_153.png,4
rrockpointcloud_183.png,4
nrrock_336.png,4
nrrock_324.png,4
nrrock_474.png,4
nrrock_269.png,4
nrrock_419.png,4
nrrock_062.png,4
nrrock_251.png,4
nrrock_029.png,4
rrockpointcloud_243.png,4
nrrock_035.png,4
nrrock_378.png,4
nrrock_016.png,4
nrrock_187.png,4
rrockpointcloud_097.png,4
nrrock_214.png,4
rrockpointcloud_146.png,4
rrockpointcloud_027.png,4
nrrock_384.png,4
nrrock_153.png,4
nrrock_320.png,4
nrrock_455.png,4
nrrock_030.png,4
nrrock_260.png,4
nrrock_460.png,4
nrrock_003.png,4
nrrock_399.png,4
nrrock_238.png,4
nrrock_265.png,4
nrrock_048.png,4
nrrock_453.png,4
nrrock_279.png,4
nrrock_328.png,4
rrockpointcloud_076.png,4
nrrock_400.png,4
rrockpointcloud_137.png,4
nrrock_467.png,4
nrrock_108.png,4
nrrock_190.png,4
nrrock_178.png,4
rrockpointcloud_088.png,4
nrrock_163.png,4
nrrock_137.png,4
nrrock_234.png,4
nrrock_049.png,4
nrrock_074.png,4
nrrock_292.png,4
nrrock_144.png,4
nrrock_380.png,4
nrrock_211.png,4
nrrock_337.png,4
nrrock_303.png,4
rrockpointcloud_025.png,4
nrrock_323.png,4
nrrock_115.png,4
nrrock_438.png,4
nrrock_149.png,4
nrrock_186.png,4
nrrock_188.png,4
nrrock_116.png,4
nrrock_254.png,4
nrrock_126.png,4
nrrock_396.png,4
nrrock_349.png,4
nrrock_129.png,4
nrrock_404.png,4
nrrock_236.png,4
nrrock_237.png,4
nrrock_293.png,4
nrrock_452.png,4
nrrock_152.png,4
rrockpointcloud_078.png,4
nrrock_106.png,4
nrrock_191.png,4
nrrock_275.png,4
nrrock_354.png,4
nrrock_477.png,4
nrrock_086.png,4
nrrock_432.png,4
nrrock_416.png,4
nrrock_169.png,4
nrrock_311.png,4
nrrock_332.png,4
nrrock_078.png,4
nrrock_451.png,4
nrrock_000.png,4
rrockpointcloud_151.png,4
rrockpointcloud_011.png,4
nrrock_107.png,4
nrrock_296.png,4
rrockpointcloud_154.png,4
nrrock_034.png,4
nrrock_204.png,4
nrrock_166.png,4
nrrock_314.png,4
nrrock_025.png,4
nrrock_282.png,4
nrrock_133.png,4
nrrock_052.png,4
nrrock_041.png,4
nrrock_096.png,4
nrrock_073.png,4
nrrock_090.png,4
nrrock_051.png,4
nrrock_393.png,4
nrrock_021.png,4
nrrock_459.png,4
nrrock_489.png,4
nrrock_064.png,4
rrockpointcloud_021.png,4
rrockpointcloud_112.png,4
nrrock_212.png,4
nrrock_315.png,4
rrockpointcloud_138.png,4
rrockpointcloud_084.png,4
nrrock_109.png,4
rrockpointcloud_156.png,4
nrrock_227.png,4
nrrock_006.png,4
nrrock_266.png,4
nrrock_094.png,4
rrockpointcloud_028.png,4
nrrock_374.png,4
nrrock_198.png,4
nrrock_097.png,4
nrrock_468.png,4
nrrock_013.png,4
nrrock_300.png,4
rrockpointcloud_045.png,4
nrrock_138.png,4
nrrock_272.png,4
nrrock_057.png,4
nrrock_156.png,4
nrrock_340.png,4
nrrock_426.png,4
nrrock_280.png,4
nrrock_180.png,4
rrockpointcloud_139.png,4
rrockpointcloud_050.png,4
nrrock_174.png,4
rrockpointcloud_049.png,4
nrrock_176.png,4
rrockpointcloud_023.png,4
nrrock_411.png,4
nrrock_213.png,4
rrockpointcloud_035.png,4
nrrock_095.png,4
nrrock_345.png,4
nrrock_444.png,4
nrrock_439.png,4
nrrock_449.png,4
nrrock_125.png,4
nrrock_247.png,4
rrockpointcloud_039.png,4
nrrock_414.png,4
nrrock_145.png,4
nrrock_087.png,4
nrrock_071.png,4
nrrock_004.png,4
nrrock_322.png,4
nrrock_036.png,4
nrrock_312.png,4
rrockpointcloud_189.png,4
nrrock_010.png,4
nrrock_435.png,4
nrrock_158.png,4
nrrock_302.png,4
nrrock_365.png,4
nrrock_148.png,4
nrrock_357.png,4
rrockpointcloud_018.png,4
rrockpointcloud_113.png,4
rrockpointcloud_026.png,4
nrrock_335.png,4
rrockpointcloud_259.png,4
nrrock_258.png,4
nrrock_203.png,4
nrrock_028.png,4
nrrock_093.png,4
nrrock_250.png,4
nrrock_040.png,4
nrrock_347.png,4
nrrock_111.png,4
nrrock_050.png,4
rrockpointcloud_065.png,4
nrrock_184.png,4
nrrock_341.png,4
nrrock_423.png,4
nrrock_123.png,4
nrrock_412.png,4
rrockpointcloud_149.png,4
nrrock_171.png,4
nrrock_242.png,4
nrrock_367.png,4
rspidermanpointcloud_211.png,5
rspidermanpointcloud_234.png,5
rspidermanpointcloud_226.png,5
rspidermanpointcloud_232.png,5
rspidermanpointcloud_295.png,5
rspidermanpointcloud_210.png,5
rspidermanpointcloud_131.png,5
rspidermanpointcloud_263.png,5
rspidermanpointcloud_192.png,5
rspidermanpointcloud_147.png,5
rspidermanpointcloud_266.png,5
rspidermanpointcloud_123.png,5
rspidermanpointcloud_077.png,5
rspidermanpointcloud_223.png,5
rspidermanpointcloud_150.png,5
rspidermanpointcloud_198.png,5
rspidermanpointcloud_206.png,5
rspidermanpointcloud_046.png,5
rspidermanpointcloud_196.png,5
rspidermanpointcloud_274.png,5
rspidermanpointcloud_034.png,5
rspidermanpointcloud_060.png,5
rspidermanpointcloud_286.png,5
rspidermanpointcloud_073.png,5
rspidermanpointcloud_162.png,5
rspidermanpointcloud_091.png,5
rspidermanpointcloud_269.png,5
rspidermanpointcloud_112.png,5
rspidermanpointcloud_111.png,5
rspidermanpointcloud_050.png,5
rspidermanpointcloud_281.png,5
rspidermanpointcloud_119.png,5
rspidermanpointcloud_178.png,5
rspidermanpointcloud_203.png,5
rspidermanpointcloud_126.png,5
rspidermanpointcloud_039.png,5
rspidermanpointcloud_184.png,5
rspidermanpointcloud_294.png,5
rspidermanpointcloud_090.png,5
rspidermanpointcloud_063.png,5
rspidermanpointcloud_144.png,5
rspidermanpointcloud_297.png,5
rspidermanpointcloud_064.png,5
rspidermanpointcloud_003.png,5
rspidermanpointcloud_202.png,5
rspidermanpointcloud_285.png,5
rspidermanpointcloud_052.png,5
rspidermanpointcloud_252.png,5
rspidermanpointcloud_141.png,5
rspidermanpointcloud_008.png,5
rspidermanpointcloud_233.png,5
rspidermanpointcloud_028.png,5
rspidermanpointcloud_012.png,5
rspidermanpointcloud_265.png,5
rspidermanpointcloud_069.png,5
rspidermanpointcloud_217.png,5
rspidermanpointcloud_101.png,5
rspidermanpointcloud_191.png,5
rspidermanpointcloud_029.png,5
rspidermanpointcloud_171.png,5
rspidermanpointcloud_038.png,5
rspidermanpointcloud_291.png,5
rspidermanpointcloud_020.png,5
rspidermanpointcloud_195.png,5
rspidermanpointcloud_209.png,5
rspidermanpointcloud_260.png,5
rspidermanpointcloud_125.png,5
rspidermanpointcloud_051.png,5
rspidermanpointcloud_247.png,5
rspidermanpointcloud_103.png,5
rspidermanpointcloud_004.png,5
rspidermanpointcloud_032.png,5
rspidermanpointcloud_025.png,5
rspidermanpointcloud_293.png,5
rspidermanpointcloud_176.png,5
rspidermanpointcloud_015.png,5
rspidermanpointcloud_096.png,5
rspidermanpointcloud_043.png,5
rspidermanpointcloud_092.png,5
rspidermanpointcloud_290.png,5
rspidermanpointcloud_190.png,5
rspidermanpointcloud_017.png,5
rspidermanpointcloud_133.png,5
rspidermanpointcloud_257.png,5
rspidermanpointcloud_033.png,5
rspidermanpointcloud_255.png,5
rspidermanpointcloud_011.png,5
rspidermanpointcloud_160.png,5
rspidermanpointcloud_053.png,5
rspidermanpointcloud_010.png,5
rspidermanpointcloud_256.png,5
rspidermanpointcloud_157.png,5
rspidermanpointcloud_172.png,5
rspidermanpointcloud_289.png,5
rspidermanpointcloud_002.png,5
rspidermanpointcloud_207.png,5
rspidermanpointcloud_009.png,5
rspidermanpointcloud_081.png,5
rspidermanpointcloud_238.png,5
rspidermanpointcloud_056.png,5
rspidermanpointcloud_117.png,5
rspidermanpointcloud_074.png,5
rspidermanpointcloud_132.png,5
rspidermanpointcloud_161.png,5
rspidermanpointcloud_124.png,5
rspidermanpointcloud_292.png,5
rspidermanpointcloud_049.png,5
rspidermanpointcloud_169.png,5
rspidermanpointcloud_154.png,5
rspidermanpointcloud_129.png,5
rspidermanpointcloud_282.png,5
rspidermanpointcloud_066.png,5
rspidermanpointcloud_205.png,5
rspidermanpointcloud_142.png,5
rspidermanpointcloud_145.png,5
rspidermanpointcloud_110.png,5
rspidermanpointcloud_035.png,5
rspidermanpointcloud_166.png,5
rspidermanpointcloud_179.png,5
rspidermanpointcloud_221.png,5
rspidermanpointcloud_098.png,5
rspidermanpointcloud_113.png,5
rspidermanpointcloud_271.png,5
rspidermanpointcloud_215.png,5
rspidermanpointcloud_235.png,5
rspidermanpointcloud_231.png,5
rspidermanpointcloud_253.png,5
rspidermanpointcloud_245.png,5
rspidermanpointcloud_021.png,5
rspidermanpointcloud_093.png,5
rspidermanpointcloud_283.png,5
rspidermanpointcloud_250.png,5
rspidermanpointcloud_242.png,5
rspidermanpointcloud_275.png,5
rspidermanpointcloud_136.png,5
rspidermanpointcloud_200.png,5
rspidermanpointcloud_288.png,5
rspidermanpointcloud_027.png,5
rspidermanpointcloud_005.png,5
rspidermanpointcloud_149.png,5
rspidermanpointcloud_062.png,5
rspidermanpointcloud_219.png,5
rspidermanpointcloud_031.png,5
rspidermanpointcloud_130.png,5
rspidermanpointcloud_188.png,5
rspidermanpointcloud_086.png,5
rspidermanpointcloud_139.png,5
rspidermanpointcloud_109.png,5
rspidermanpointcloud_159.png,5
rspidermanpointcloud_170.png,5
rspidermanpointcloud_228.png,5
rspidermanpointcloud_105.png,5
rspidermanpointcloud_168.png,5
rspidermanpointcloud_089.png,5
rspidermanpointcloud_158.png,5
rspidermanpointcloud_187.png,5
rspidermanpointcloud_262.png,5
rspidermanpointcloud_097.png,5
rspidermanpointcloud_055.png,5
rspidermanpointcloud_076.png,5
rspidermanpointcloud_268.png,5
rspidermanpointcloud_237.png,5
rspidermanpointcloud_067.png,5
rspidermanpointcloud_272.png,5
rspidermanpointcloud_026.png,5
rspidermanpointcloud_042.png,5
rspidermanpointcloud_094.png,5
rspidermanpointcloud_244.png,5
rspidermanpointcloud_065.png,5
rspidermanpointcloud_229.png,5
rspidermanpointcloud_068.png,5
rspidermanpointcloud_222.png,5
rspidermanpointcloud_070.png,5
rspidermanpointcloud_106.png,5
rspidermanpointcloud_095.png,5
rspidermanpointcloud_041.png,5
rspidermanpointcloud_087.png,5
rspidermanpointcloud_083.png,5
rspidermanpointcloud_277.png,5
rspidermanpointcloud_164.png,5
rspidermanpointcloud_165.png,5
rspidermanpointcloud_182.png,5
rspidermanpointcloud_121.png,5
rspidermanpointcloud_023.png,5
rspidermanpointcloud_216.png,5
rspidermanpointcloud_284.png,5
rspidermanpointcloud_155.png,5
rspidermanpointcloud_239.png,5
rspidermanpointcloud_072.png,5
rspidermanpointcloud_248.png,5
rspidermanpointcloud_127.png,5
rspidermanpointcloud_227.png,5
rspidermanpointcloud_273.png,5
rspidermanpointcloud_153.png,5
rspidermanpointcloud_140.png,5
rspidermanpointcloud_061.png,5
rthumbsuppointcloud_296.png,6
rthumbsuppointcloud_067.png,6
rthumbsuppointcloud_117.png,6
rthumbsuppointcloud_161.png,6
rthumbsuppointcloud_072.png,6
rthumbsuppointcloud_258.png,6
rthumbsuppointcloud_222.png,6
rthumbsuppointcloud_350.png,6
rthumbsuppointcloud_153.png,6
nrthumbsup_002.png,6
rthumbsuppointcloud_314.png,6
rthumbsuppointcloud_235.png,6
rthumbsuppointcloud_357.png,6
nrthumbsup_001.png,6
rthumbsuppointcloud_249.png,6
nrthumbsup_076.png,6
rthumbsuppointcloud_077.png,6
rthumbsuppointcloud_234.png,6
rthumbsuppointcloud_103.png,6
nrthumbsup_028.png,6
rthumbsuppointcloud_147.png,6
nrthumbsup_065.png,6
rthumbsuppointcloud_319.png,6
rthumbsuppointcloud_024.png,6
rthumbsuppointcloud_080.png,6
rthumbsuppointcloud_337.png,6
nrthumbsup_088.png,6
rthumbsuppointcloud_302.png,6
rthumbsuppointcloud_148.png,6
nrthumbsup_056.png,6
nrthumbsup_068.png,6
rthumbsuppointcloud_114.png,6
rthumbsuppointcloud_099.png,6
rthumbsuppointcloud_252.png,6
nrthumbsup_039.png,6
rthumbsuppointcloud_105.png,6
nrthumbsup_037.png,6
rthumbsuppointcloud_063.png,6
rthumbsuppointcloud_094.png,6
rthumbsuppointcloud_239.png,6
rthumbsuppointcloud_048.png,6
rthumbsuppointcloud_014.png,6
rthumbsuppointcloud_295.png,6
rthumbsuppointcloud_118.png,6
rthumbsuppointcloud_197.png,6
nrthumbsup_086.png,6
rthumbsuppointcloud_330.png,6
rthumbsuppointcloud_027.png,6
rthumbsuppointcloud_116.png,6
rthumbsuppointcloud_053.png,6
rthumbsuppointcloud_059.png,6
rthumbsuppointcloud_097.png,6
nrthumbsup_096.png,6
rthumbsuppointcloud_241.png,6
rthumbsuppointcloud_345.png,6
rthumbsuppointcloud_321.png,6
rthumbsuppointcloud_259.png,6
rthumbsuppointcloud_271.png,6
rthumbsuppointcloud_283.png,6
nrthumbsup_023.png,6
rthumbsuppointcloud_120.png,6
rthumbsuppointcloud_315.png,6
rthumbsuppointcloud_278.png,6
nrthumbsup_058.png,6
rthumbsuppointcloud_308.png,6
rthumbsuppointcloud_244.png,6
rthumbsuppointcloud_274.png,6
nrthumbsup_082.png,6
nrthumbsup_070.png,6
rthumbsuppointcloud_341.png,6
rthumbsuppointcloud_013.png,6
rthumbsuppointcloud_211.png,6
rthumbsuppointcloud_165.png,6
rthumbsuppointcloud_068.png,6
rthumbsuppointcloud_136.png,6
rthumbsuppointcloud_180.png,6
rthumbsuppointcloud_212.png,6
rthumbsuppointcloud_242.png,6
nrthumbsup_113.png,6
rthumbsuppointcloud_351.png,6
rthumbsuppointcloud_056.png,6
rthumbsuppointcloud_091.png,6
rthumbsuppointcloud_031.png,6
rthumbsuppointcloud_044.png,6
nrthumbsup_019.png,6
rthumbsuppointcloud_277.png,6
rthumbsuppointcloud_140.png,6
rthumbsuppointcloud_051.png,6
nrthumbsup_091.png,6
nrthumbsup_003.png,6
nrthumbsup_064.png,6
rthumbsuppointcloud_066.png,6
nrthumbsup_093.png,6
rthumbsuppointcloud_192.png,6
nrthumbsup_048.png,6
rthumbsuppointcloud_243.png,6
rthumbsuppointcloud_032.png,6
rthumbsuppointcloud_354.png,6
nrthumbsup_074.png,6
rthumbsuppointcloud_270.png,6
rthumbsuppointcloud_288.png,6
rthumbsuppointcloud_261.png,6
nrthumbsup_015.png,6
nrthumbsup_111.png,6
rthumbsuppointcloud_334.png,6
rthumbsuppointcloud_125.png,6
rthumbsuppointcloud_333.png,6
rthumbsuppointcloud_129.png,6
rthumbsuppointcloud_294.png,6
rthumbsuppointcloud_092.png,6
rthumbsuppointcloud_124.png,6
rthumbsuppointcloud_142.png,6
nrthumbsup_010.png,6
rthumbsuppointcloud_134.png,6
rthumbsuppointcloud_347.png,6
nrthumbsup_067.png,6
nrthumbsup_029.png,6
nrthumbsup_084.png,6
rthumbsuppointcloud_126.png,6
rthumbsuppointcloud_178.png,6
nrthumbsup_054.png,6
nrthumbsup_104.png,6
rthumbsuppointcloud_329.png,6
rthumbsuppointcloud_331.png,6
nrthumbsup_094.png,6
rthumbsuppointcloud_225.png,6
rthumbsuppointcloud_203.png,6
rthumbsuppointcloud_310.png,6
rthumbsuppointcloud_275.png,6
rthumbsuppointcloud_076.png,6
rthumbsuppointcloud_040.png,6
rthumbsuppointcloud_154.png,6
rthumbsuppointcloud_340.png,6
rthumbsuppointcloud_119.png,6
rthumbsuppointcloud_155.png,6
rthumbsuppointcloud_312.png,6
nrthumbsup_115.png,6
rthumbsuppointcloud_083.png,6
rthumbsuppointcloud_057.png,6
rthumbsuppointcloud_223.png,6
rthumbsuppointcloud_143.png,6
nrthumbsup_101.png,6
rthumbsuppointcloud_236.png,6
rthumbsuppointcloud_187.png,6
rthumbsuppointcloud_113.png,6
rthumbsuppointcloud_028.png,6
rthumbsuppointcloud_029.png,6
rthumbsuppointcloud_088.png,6
rthumbsuppointcloud_064.png,6
rthumbsuppointcloud_213.png,6
nrthumbsup_097.png,6
rthumbsuppointcloud_177.png,6
rthumbsuppointcloud_182.png,6
rthumbsuppointcloud_194.png,6
rthumbsuppointcloud_313.png,6
rthumbsuppointcloud_101.png,6
rthumbsuppointcloud_058.png,6
nrthumbsup_047.png,6
rthumbsuppointcloud_233.png,6
rthumbsuppointcloud_102.png,6
rthumbsuppointcloud_003.png,6
rthumbsuppointcloud_207.png,6
rthumbsuppointcloud_071.png,6
nrthumbsup_060.png,6
rthumbsuppointcloud_318.png,6
rthumbsuppointcloud_190.png,6
rthumbsuppointcloud_189.png,6
nrthumbsup_053.png,6
rthumbsuppointcloud_079.png,6
rthumbsuppointcloud_230.png,6
rthumbsuppointcloud_336.png,6
nrthumbsup_004.png,6
rthumbsuppointcloud_327.png,6
nrthumbsup_092.png,6
nrthumbsup_087.png,6
rthumbsuppointcloud_096.png,6
rthumbsuppointcloud_100.png,6
rthumbsuppointcloud_280.png,6
nrthumbsup_116.png,6
rthumbsuppointcloud_160.png,6
nrthumbsup_102.png,6
rthumbsuppointcloud_168.png,6
rthumbsuppointcloud_291.png,6
rthumbsuppointcloud_220.png,6
rthumbsuppointcloud_184.png,6
rthumbsuppointcloud_335.png,6
rthumbsuppointcloud_050.png,6
rthumbsuppointcloud_284.png,6
rthumbsuppointcloud_316.png,6
rthumbsuppointcloud_309.png,6
rthumbsuppointcloud_349.png,6
rthumbsuppointcloud_070.png,6
rthumbsuppointcloud_174.png,6
nrthumbsup_085.png,6
rthumbsuppointcloud_132.png,6
rthumbsuppointcloud_356.png,6
nrthumbsup_016.png,6
rthumbsuppointcloud_179.png,6
nrthumbsup_072.png,6
nrthumbsup_073.png,6
rthumbsuppointcloud_307.png,6
rthumbsuppointcloud_106.png,6
rthumbsuppointcloud_017.png,6
nrthumbsup_044.png,6
rthumbsuppointcloud_074.png,6
rthumbsuppointcloud_342.png,6
rthumbsuppointcloud_195.png,6
rthumbsuppointcloud_260.png,6
rthumbsuppointcloud_305.png,6
nrthumbsup_066.png,6
nrthumbsup_081.png,6
rthumbsuppointcloud_151.png,6
nrthumbsup_099.png,6
rthumbsuppointcloud_022.png,6
rthumbsuppointcloud_231.png,6
rthumbsuppointcloud_090.png,6
rthumbsuppointcloud_317.png,6
rthumbsuppointcloud_112.png,6
rthumbsuppointcloud_286.png,6
rthumbsuppointcloud_209.png,6
nrthumbsup_018.png,6
rthumbsuppointcloud_009.png,6
rthumbsuppointcloud_008.png,6
rthumbsuppointcloud_049.png,6
nrthumbsup_035.png,6
rthumbsuppointcloud_325.png,6
rthumbsuppointcloud_128.png,6
rthumbsuppointcloud_263.png,6
rthumbsuppointcloud_109.png,6
rthumbsuppointcloud_015.png,6
rthumbsuppointcloud_004.png,6
rthumbsuppointcloud_006.png,6
rthumbsuppointcloud_149.png,6
rthumbsuppointcloud_217.png,6
nrthumbsup_059.png,6
rthumbsuppointcloud_281.png,6
rthumbsuppointcloud_311.png,6
rthumbsuppointcloud_264.png,6
rthumbsuppointcloud_043.png,6
rthumbsuppointcloud_219.png,6
rthumbsuppointcloud_245.png,6
rthumbsuppointcloud_130.png,6
rthumbsuppointcloud_320.png,6
rthumbsuppointcloud_262.png,6
rthumbsuppointcloud_328.png,6
rthumbsuppointcloud_166.png,6
rthumbsuppointcloud_202.png,6
nrthumbsup_042.png,6
rthumbsuppointcloud_081.png,6
rthumbsuppointcloud_005.png,6
rthumbsuppointcloud_026.png,6
rthumbsuppointcloud_145.png,6
rthumbsuppointcloud_162.png,6
rthumbsuppointcloud_285.png,6
rthumbsuppointcloud_276.png,6
rthumbsuppointcloud_224.png,6
rthumbsuppointcloud_146.png,6
nrthumbsup_079.png,6
rthumbsuppointcloud_041.png,6
rthumbsuppointcloud_133.png,6
nrthumbsup_119.png,6
nrthumbsup_040.png,6
rthumbsuppointcloud_268.png,6
nrthumbsup_024.png,6
nrthumbsup_118.png,6
rthumbsuppointcloud_046.png,6
rthumbsuppointcloud_172.png,6
rthumbsuppointcloud_332.png,6
rthumbsuppointcloud_037.png,6
rthumbsuppointcloud_186.png,6
nrthumbsup_036.png,6
rthumbsuppointcloud_047.png,6
nrthumbsup_095.png,6
nrthumbsup_090.png,6
rthumbsuppointcloud_157.png,6
nrthumbsup_106.png,6
nrthumbsup_038.png,6
rthumbsuppointcloud_299.png,6
nrthumbsup_103.png,6
nrthumbsup_089.png,6
rthumbsuppointcloud_098.png,6
rthumbsuppointcloud_339.png,6
rthumbsuppointcloud_240.png,6
rthumbsuppointcloud_127.png,6
rthumbsuppointcloud_039.png,6
rthumbsuppointcloud_287.png,6
rthumbsuppointcloud_036.png,6
rthumbsuppointcloud_191.png,6
rthumbsuppointcloud_289.png,6
rthumbsuppointcloud_229.png,6
nrthumbsup_075.png,6
rthumbsuppointcloud_084.png,6
rthumbsuppointcloud_227.png,6
nrthumbsup_045.png,6
rthumbsuppointcloud_007.png,6
rthumbsuppointcloud_073.png,6
rthumbsuppointcloud_173.png,6
