rhangloosepointcloud_001.png,1
rhangloosepointcloud_002.png,1
rhangloosepointcloud_003.png,1
rhangloosepointcloud_004.png,1
rhangloosepointcloud_005.png,1
rhangloosepointcloud_006.png,1
rhangloosepointcloud_007.png,1
rhangloosepointcloud_008.png,1
rhangloosepointcloud_009.png,1
rhangloosepointcloud_010.png,1
rhangloosepointcloud_011.png,1
rhangloosepointcloud_012.png,1
rhangloosepointcloud_013.png,1
rhangloosepointcloud_014.png,1
rhangloosepointcloud_015.png,1
rhangloosepointcloud_016.png,1
rhangloosepointcloud_017.png,1
rhangloosepointcloud_018.png,1
rhangloosepointcloud_019.png,1
rhangloosepointcloud_020.png,1
rhangloosepointcloud_021.png,1
rhangloosepointcloud_022.png,1
rhangloosepointcloud_023.png,1
rhangloosepointcloud_024.png,1
rhangloosepointcloud_025.png,1
rhangloosepointcloud_028.png,1
rhangloosepointcloud_029.png,1
rhangloosepointcloud_030.png,1
rhangloosepointcloud_031.png,1
rhangloosepointcloud_032.png,1
rhangloosepointcloud_033.png,1
rhangloosepointcloud_034.png,1
rhangloosepointcloud_035.png,1
rhangloosepointcloud_038.png,1
rhangloosepointcloud_039.png,1
rhangloosepointcloud_040.png,1
rhangloosepointcloud_041.png,1
rhangloosepointcloud_042.png,1
rhangloosepointcloud_043.png,1
rhangloosepointcloud_044.png,1
rhangloosepointcloud_045.png,1
rhangloosepointcloud_046.png,1
rhangloosepointcloud_051.png,1
rhangloosepointcloud_052.png,1
rhangloosepointcloud_053.png,1
rhangloosepointcloud_054.png,1
rhangloosepointcloud_055.png,1
rhangloosepointcloud_057.png,1
rhangloosepointcloud_058.png,1
rhangloosepointcloud_059.png,1
rhangloosepointcloud_060.png,1
rhangloosepointcloud_061.png,1
rhangloosepointcloud_062.png,1
rhangloosepointcloud_063.png,1
rhangloosepointcloud_064.png,1
rhangloosepointcloud_065.png,1
rhangloosepointcloud_066.png,1
rhangloosepointcloud_068.png,1
rhangloosepointcloud_069.png,1
rhangloosepointcloud_070.png,1
rhangloosepointcloud_072.png,1
rhangloosepointcloud_075.png,1
rhangloosepointcloud_077.png,1
rhangloosepointcloud_078.png,1
rhangloosepointcloud_079.png,1
rhangloosepointcloud_080.png,1
rhangloosepointcloud_081.png,1
rhangloosepointcloud_082.png,1
rhangloosepointcloud_083.png,1
rhangloosepointcloud_084.png,1
rhangloosepointcloud_085.png,1
rhangloosepointcloud_086.png,1
rhangloosepointcloud_091.png,1
rhangloosepointcloud_092.png,1
rhangloosepointcloud_093.png,1
rhangloosepointcloud_094.png,1
rhangloosepointcloud_095.png,1
rhangloosepointcloud_096.png,1
rhangloosepointcloud_097.png,1
rhangloosepointcloud_098.png,1
rhangloosepointcloud_099.png,1
rhangloosepointcloud_100.png,1
rhangloosepointcloud_101.png,1
rhangloosepointcloud_102.png,1
rhangloosepointcloud_103.png,1
rhangloosepointcloud_104.png,1
rhangloosepointcloud_105.png,1
rhangloosepointcloud_106.png,1
rhangloosepointcloud_107.png,1
rhangloosepointcloud_108.png,1
rhangloosepointcloud_109.png,1
rhangloosepointcloud_110.png,1
rhangloosepointcloud_111.png,1
rhangloosepointcloud_112.png,1
rhangloosepointcloud_113.png,1
rhangloosepointcloud_114.png,1
rhangloosepointcloud_115.png,1
rhangloosepointcloud_116.png,1
rhangloosepointcloud_117.png,1
rhangloosepointcloud_118.png,1
rhangloosepointcloud_119.png,1
rhangloosepointcloud_120.png,1
rhangloosepointcloud_121.png,1
rhangloosepointcloud_122.png,1
rhangloosepointcloud_123.png,1
rhangloosepointcloud_124.png,1
rhangloosepointcloud_125.png,1
rhangloosepointcloud_126.png,1
rhangloosepointcloud_127.png,1
rhangloosepointcloud_128.png,1
rhangloosepointcloud_129.png,1
rhangloosepointcloud_130.png,1
rhangloosepointcloud_131.png,1
rhangloosepointcloud_132.png,1
rhangloosepointcloud_133.png,1
rhangloosepointcloud_134.png,1
rhangloosepointcloud_135.png,1
rhangloosepointcloud_136.png,1
rhangloosepointcloud_137.png,1
rhangloosepointcloud_138.png,1
rhangloosepointcloud_139.png,1
rhangloosepointcloud_140.png,1
rhangloosepointcloud_155.png,1
rhangloosepointcloud_156.png,1
rhangloosepointcloud_157.png,1
rhangloosepointcloud_158.png,1
rhangloosepointcloud_159.png,1
rhangloosepointcloud_160.png,1
rhangloosepointcloud_161.png,1
rhangloosepointcloud_162.png,1
rhangloosepointcloud_163.png,1
rhangloosepointcloud_164.png,1
rhangloosepointcloud_165.png,1
rhangloosepointcloud_166.png,1
rhangloosepointcloud_167.png,1
rhangloosepointcloud_168.png,1
rhangloosepointcloud_169.png,1
rhangloosepointcloud_170.png,1
rhangloosepointcloud_171.png,1
rhangloosepointcloud_172.png,1
rhangloosepointcloud_173.png,1
rhangloosepointcloud_174.png,1
rhangloosepointcloud_175.png,1
rhangloosepointcloud_181.png,1
rhangloosepointcloud_183.png,1
rhangloosepointcloud_184.png,1
rhangloosepointcloud_185.png,1
rhangloosepointcloud_200.png,1
rhangloosepointcloud_201.png,1
rhangloosepointcloud_202.png,1
rhangloosepointcloud_203.png,1
rhangloosepointcloud_204.png,1
rhangloosepointcloud_205.png,1
rhangloosepointcloud_206.png,1
rhangloosepointcloud_207.png,1
rhangloosepointcloud_208.png,1
rhangloosepointcloud_209.png,1
rhangloosepointcloud_210.png,1
rhangloosepointcloud_211.png,1
rhangloosepointcloud_212.png,1
rhangloosepointcloud_213.png,1
rhangloosepointcloud_214.png,1
rhangloosepointcloud_215.png,1
rhangloosepointcloud_216.png,1
rhangloosepointcloud_217.png,1
rhangloosepointcloud_218.png,1
rhangloosepointcloud_219.png,1
rhangloosepointcloud_220.png,1
rhangloosepointcloud_221.png,1
rhangloosepointcloud_222.png,1
rhangloosepointcloud_223.png,1
rhangloosepointcloud_224.png,1
rhangloosepointcloud_225.png,1
rhangloosepointcloud_226.png,1
rhangloosepointcloud_227.png,1
rhangloosepointcloud_228.png,1
rhangloosepointcloud_229.png,1
rhangloosepointcloud_230.png,1
rhangloosepointcloud_231.png,1
rhangloosepointcloud_232.png,1
rhangloosepointcloud_233.png,1
rhangloosepointcloud_234.png,1
rhangloosepointcloud_235.png,1
rhangloosepointcloud_236.png,1
rhangloosepointcloud_237.png,1
rhangloosepointcloud_238.png,1
rhangloosepointcloud_239.png,1
rhangloosepointcloud_240.png,1
rhangloosepointcloud_241.png,1
rhangloosepointcloud_242.png,1
rhangloosepointcloud_243.png,1
rhangloosepointcloud_244.png,1
rhangloosepointcloud_245.png,1
rhangloosepointcloud_246.png,1
rhangloosepointcloud_247.png,1
rhangloosepointcloud_248.png,1
rhangloosepointcloud_249.png,1
rhangloosepointcloud_250.png,1
rhangloosepointcloud_251.png,1
rhangloosepointcloud_252.png,1
rhangloosepointcloud_253.png,1
rhangloosepointcloud_254.png,1
rhangloosepointcloud_255.png,1
rhangloosepointcloud_256.png,1
rhangloosepointcloud_257.png,1
rhangloosepointcloud_258.png,1
rhangloosepointcloud_259.png,1
rhangloosepointcloud_260.png,1
rhangloosepointcloud_261.png,1
rhangloosepointcloud_262.png,1
rhangloosepointcloud_263.png,1
rhangloosepointcloud_264.png,1
rhangloosepointcloud_265.png,1
rhangloosepointcloud_266.png,1
rhangloosepointcloud_267.png,1
rhangloosepointcloud_268.png,1
rhangloosepointcloud_269.png,1
rhangloosepointcloud_270.png,1
rhangloosepointcloud_271.png,1
rhangloosepointcloud_272.png,1
rhangloosepointcloud_273.png,1
rhangloosepointcloud_274.png,1
rhangloosepointcloud_275.png,1
rhangloosepointcloud_276.png,1
rhangloosepointcloud_277.png,1
rhangloosepointcloud_278.png,1
rhangloosepointcloud_279.png,1
rhangloosepointcloud_280.png,1
rhangloosepointcloud_281.png,1
rhangloosepointcloud_286.png,1
rhangloosepointcloud_287.png,1
rhangloosepointcloud_288.png,1
rhangloosepointcloud_289.png,1
rhangloosepointcloud_290.png,1
rhangloosepointcloud_291.png,1
rhangloosepointcloud_292.png,1
rhangloosepointcloud_293.png,1
rhangloosepointcloud_294.png,1
rhangloosepointcloud_295.png,1
rmiddlefingerpointcloud_000.png,2
rmiddlefingerpointcloud_001.png,2
rmiddlefingerpointcloud_002.png,2
rmiddlefingerpointcloud_003.png,2
rmiddlefingerpointcloud_004.png,2
rmiddlefingerpointcloud_005.png,2
rmiddlefingerpointcloud_006.png,2
rmiddlefingerpointcloud_007.png,2
rmiddlefingerpointcloud_008.png,2
rmiddlefingerpointcloud_009.png,2
rmiddlefingerpointcloud_010.png,2
rmiddlefingerpointcloud_011.png,2
rmiddlefingerpointcloud_012.png,2
rmiddlefingerpointcloud_013.png,2
rmiddlefingerpointcloud_014.png,2
rmiddlefingerpointcloud_015.png,2
rmiddlefingerpointcloud_016.png,2
rmiddlefingerpointcloud_017.png,2
rmiddlefingerpointcloud_018.png,2
rmiddlefingerpointcloud_019.png,2
rmiddlefingerpointcloud_020.png,2
rmiddlefingerpointcloud_021.png,2
rmiddlefingerpointcloud_022.png,2
rmiddlefingerpointcloud_023.png,2
rmiddlefingerpointcloud_024.png,2
rmiddlefingerpointcloud_025.png,2
rmiddlefingerpointcloud_026.png,2
rmiddlefingerpointcloud_027.png,2
rmiddlefingerpointcloud_028.png,2
rmiddlefingerpointcloud_029.png,2
rmiddlefingerpointcloud_030.png,2
rmiddlefingerpointcloud_031.png,2
rmiddlefingerpointcloud_032.png,2
rmiddlefingerpointcloud_033.png,2
rmiddlefingerpointcloud_034.png,2
rmiddlefingerpointcloud_035.png,2
rmiddlefingerpointcloud_036.png,2
rmiddlefingerpointcloud_037.png,2
rmiddlefingerpointcloud_038.png,2
rmiddlefingerpointcloud_039.png,2
rmiddlefingerpointcloud_040.png,2
rmiddlefingerpointcloud_041.png,2
rmiddlefingerpointcloud_042.png,2
rmiddlefingerpointcloud_043.png,2
rmiddlefingerpointcloud_044.png,2
rmiddlefingerpointcloud_045.png,2
rmiddlefingerpointcloud_046.png,2
rmiddlefingerpointcloud_047.png,2
rmiddlefingerpointcloud_048.png,2
rmiddlefingerpointcloud_049.png,2
rmiddlefingerpointcloud_050.png,2
rmiddlefingerpointcloud_051.png,2
rmiddlefingerpointcloud_052.png,2
rmiddlefingerpointcloud_053.png,2
rmiddlefingerpointcloud_054.png,2
rmiddlefingerpointcloud_055.png,2
rmiddlefingerpointcloud_056.png,2
rmiddlefingerpointcloud_057.png,2
rmiddlefingerpointcloud_058.png,2
rmiddlefingerpointcloud_059.png,2
rmiddlefingerpointcloud_060.png,2
rmiddlefingerpointcloud_061.png,2
rmiddlefingerpointcloud_062.png,2
rmiddlefingerpointcloud_063.png,2
rmiddlefingerpointcloud_064.png,2
rmiddlefingerpointcloud_065.png,2
rmiddlefingerpointcloud_066.png,2
rmiddlefingerpointcloud_067.png,2
rmiddlefingerpointcloud_068.png,2
rmiddlefingerpointcloud_069.png,2
rmiddlefingerpointcloud_070.png,2
rmiddlefingerpointcloud_071.png,2
rmiddlefingerpointcloud_072.png,2
rmiddlefingerpointcloud_073.png,2
rmiddlefingerpointcloud_074.png,2
rmiddlefingerpointcloud_075.png,2
rmiddlefingerpointcloud_076.png,2
rmiddlefingerpointcloud_077.png,2
rmiddlefingerpointcloud_078.png,2
rmiddlefingerpointcloud_079.png,2
rmiddlefingerpointcloud_080.png,2
rmiddlefingerpointcloud_081.png,2
rmiddlefingerpointcloud_082.png,2
rmiddlefingerpointcloud_083.png,2
rmiddlefingerpointcloud_084.png,2
rmiddlefingerpointcloud_085.png,2
rmiddlefingerpointcloud_086.png,2
rmiddlefingerpointcloud_087.png,2
rmiddlefingerpointcloud_088.png,2
rmiddlefingerpointcloud_089.png,2
rmiddlefingerpointcloud_090.png,2
rmiddlefingerpointcloud_091.png,2
rmiddlefingerpointcloud_092.png,2
rmiddlefingerpointcloud_093.png,2
rmiddlefingerpointcloud_094.png,2
rmiddlefingerpointcloud_095.png,2
rmiddlefingerpointcloud_096.png,2
rmiddlefingerpointcloud_097.png,2
rmiddlefingerpointcloud_098.png,2
rmiddlefingerpointcloud_099.png,2
rmiddlefingerpointcloud_100.png,2
rmiddlefingerpointcloud_101.png,2
rmiddlefingerpointcloud_102.png,2
rmiddlefingerpointcloud_103.png,2
rmiddlefingerpointcloud_104.png,2
rmiddlefingerpointcloud_105.png,2
rmiddlefingerpointcloud_106.png,2
rmiddlefingerpointcloud_107.png,2
rmiddlefingerpointcloud_108.png,2
rmiddlefingerpointcloud_109.png,2
rmiddlefingerpointcloud_110.png,2
rmiddlefingerpointcloud_111.png,2
rmiddlefingerpointcloud_112.png,2
rmiddlefingerpointcloud_113.png,2
rmiddlefingerpointcloud_114.png,2
rmiddlefingerpointcloud_115.png,2
rmiddlefingerpointcloud_116.png,2
rmiddlefingerpointcloud_117.png,2
rmiddlefingerpointcloud_118.png,2
rmiddlefingerpointcloud_119.png,2
rmiddlefingerpointcloud_120.png,2
rmiddlefingerpointcloud_121.png,2
rmiddlefingerpointcloud_122.png,2
rmiddlefingerpointcloud_123.png,2
rmiddlefingerpointcloud_124.png,2
rmiddlefingerpointcloud_125.png,2
rmiddlefingerpointcloud_126.png,2
rmiddlefingerpointcloud_127.png,2
rmiddlefingerpointcloud_128.png,2
rmiddlefingerpointcloud_129.png,2
rmiddlefingerpointcloud_130.png,2
rmiddlefingerpointcloud_131.png,2
rmiddlefingerpointcloud_132.png,2
rmiddlefingerpointcloud_133.png,2
rmiddlefingerpointcloud_134.png,2
rmiddlefingerpointcloud_135.png,2
rmiddlefingerpointcloud_136.png,2
rmiddlefingerpointcloud_137.png,2
rmiddlefingerpointcloud_138.png,2
rmiddlefingerpointcloud_139.png,2
rmiddlefingerpointcloud_140.png,2
rmiddlefingerpointcloud_141.png,2
rmiddlefingerpointcloud_142.png,2
rmiddlefingerpointcloud_143.png,2
rmiddlefingerpointcloud_144.png,2
rmiddlefingerpointcloud_145.png,2
rmiddlefingerpointcloud_146.png,2
rmiddlefingerpointcloud_147.png,2
rmiddlefingerpointcloud_148.png,2
rmiddlefingerpointcloud_149.png,2
rmiddlefingerpointcloud_150.png,2
rmiddlefingerpointcloud_151.png,2
rmiddlefingerpointcloud_152.png,2
rmiddlefingerpointcloud_153.png,2
rmiddlefingerpointcloud_154.png,2
rmiddlefingerpointcloud_155.png,2
rmiddlefingerpointcloud_156.png,2
rmiddlefingerpointcloud_157.png,2
rmiddlefingerpointcloud_158.png,2
rmiddlefingerpointcloud_159.png,2
rmiddlefingerpointcloud_160.png,2
rmiddlefingerpointcloud_161.png,2
rmiddlefingerpointcloud_162.png,2
rmiddlefingerpointcloud_163.png,2
rmiddlefingerpointcloud_164.png,2
rmiddlefingerpointcloud_165.png,2
rmiddlefingerpointcloud_166.png,2
rmiddlefingerpointcloud_167.png,2
rmiddlefingerpointcloud_168.png,2
rmiddlefingerpointcloud_169.png,2
rmiddlefingerpointcloud_170.png,2
rmiddlefingerpointcloud_171.png,2
rmiddlefingerpointcloud_172.png,2
rmiddlefingerpointcloud_173.png,2
rmiddlefingerpointcloud_174.png,2
rmiddlefingerpointcloud_175.png,2
rmiddlefingerpointcloud_176.png,2
rmiddlefingerpointcloud_177.png,2
rmiddlefingerpointcloud_178.png,2
rmiddlefingerpointcloud_179.png,2
rmiddlefingerpointcloud_180.png,2
rmiddlefingerpointcloud_181.png,2
rmiddlefingerpointcloud_182.png,2
rmiddlefingerpointcloud_183.png,2
rmiddlefingerpointcloud_184.png,2
rmiddlefingerpointcloud_185.png,2
rmiddlefingerpointcloud_186.png,2
rmiddlefingerpointcloud_187.png,2
rmiddlefingerpointcloud_191.png,2
rmiddlefingerpointcloud_192.png,2
rmiddlefingerpointcloud_193.png,2
rmiddlefingerpointcloud_194.png,2
rmiddlefingerpointcloud_195.png,2
rmiddlefingerpointcloud_196.png,2
rmiddlefingerpointcloud_197.png,2
rmiddlefingerpointcloud_198.png,2
rmiddlefingerpointcloud_199.png,2
rmiddlefingerpointcloud_200.png,2
rmiddlefingerpointcloud_201.png,2
rmiddlefingerpointcloud_202.png,2
rmiddlefingerpointcloud_204.png,2
rmiddlefingerpointcloud_205.png,2
rmiddlefingerpointcloud_206.png,2
rmiddlefingerpointcloud_207.png,2
rmiddlefingerpointcloud_208.png,2
rmiddlefingerpointcloud_209.png,2
rmiddlefingerpointcloud_210.png,2
rmiddlefingerpointcloud_211.png,2
rmiddlefingerpointcloud_212.png,2
rmiddlefingerpointcloud_214.png,2
rmiddlefingerpointcloud_215.png,2
rmiddlefingerpointcloud_216.png,2
rmiddlefingerpointcloud_217.png,2
rmiddlefingerpointcloud_218.png,2
rmiddlefingerpointcloud_219.png,2
rmiddlefingerpointcloud_220.png,2
rmiddlefingerpointcloud_221.png,2
rmiddlefingerpointcloud_222.png,2
rmiddlefingerpointcloud_223.png,2
rmiddlefingerpointcloud_225.png,2
rmiddlefingerpointcloud_226.png,2
rmiddlefingerpointcloud_227.png,2
rmiddlefingerpointcloud_228.png,2
rmiddlefingerpointcloud_229.png,2
rmiddlefingerpointcloud_230.png,2
rmiddlefingerpointcloud_231.png,2
rmiddlefingerpointcloud_232.png,2
rmiddlefingerpointcloud_233.png,2
rmiddlefingerpointcloud_234.png,2
rmiddlefingerpointcloud_235.png,2
rmiddlefingerpointcloud_236.png,2
rmiddlefingerpointcloud_237.png,2
rmiddlefingerpointcloud_238.png,2
rmiddlefingerpointcloud_239.png,2
rmiddlefingerpointcloud_240.png,2
rmiddlefingerpointcloud_241.png,2
rmiddlefingerpointcloud_242.png,2
rmiddlefingerpointcloud_243.png,2
rmiddlefingerpointcloud_244.png,2
rmiddlefingerpointcloud_245.png,2
rmiddlefingerpointcloud_246.png,2
rmiddlefingerpointcloud_247.png,2
rmiddlefingerpointcloud_248.png,2
rmiddlefingerpointcloud_249.png,2
rmiddlefingerpointcloud_250.png,2
rmiddlefingerpointcloud_251.png,2
rmiddlefingerpointcloud_252.png,2
rmiddlefingerpointcloud_253.png,2
rmiddlefingerpointcloud_254.png,2
rmiddlefingerpointcloud_255.png,2
rmiddlefingerpointcloud_256.png,2
rmiddlefingerpointcloud_257.png,2
rmiddlefingerpointcloud_258.png,2
rmiddlefingerpointcloud_259.png,2
rmiddlefingerpointcloud_260.png,2
rmiddlefingerpointcloud_261.png,2
rmiddlefingerpointcloud_262.png,2
rmiddlefingerpointcloud_263.png,2
rmiddlefingerpointcloud_264.png,2
rmiddlefingerpointcloud_265.png,2
rmiddlefingerpointcloud_266.png,2
rmiddlefingerpointcloud_267.png,2
rmiddlefingerpointcloud_268.png,2
rmiddlefingerpointcloud_269.png,2
rmiddlefingerpointcloud_270.png,2
rmiddlefingerpointcloud_271.png,2
rmiddlefingerpointcloud_272.png,2
rmiddlefingerpointcloud_273.png,2
rmiddlefingerpointcloud_274.png,2
rmiddlefingerpointcloud_275.png,2
rmiddlefingerpointcloud_276.png,2
rmiddlefingerpointcloud_277.png,2
rmiddlefingerpointcloud_278.png,2
rmiddlefingerpointcloud_279.png,2
rmiddlefingerpointcloud_280.png,2
rmiddlefingerpointcloud_281.png,2
rmiddlefingerpointcloud_282.png,2
rmiddlefingerpointcloud_283.png,2
rmiddlefingerpointcloud_284.png,2
rmiddlefingerpointcloud_285.png,2
rmiddlefingerpointcloud_286.png,2
rmiddlefingerpointcloud_287.png,2
rmiddlefingerpointcloud_289.png,2
rmiddlefingerpointcloud_290.png,2
rmiddlefingerpointcloud_291.png,2
rmiddlefingerpointcloud_292.png,2
rmiddlefingerpointcloud_293.png,2
rmiddlefingerpointcloud_294.png,2
rmiddlefingerpointcloud_295.png,2
rmiddlefingerpointcloud_296.png,2
rmiddlefingerpointcloud_297.png,2
rmiddlefingerpointcloud_298.png,2
rmiddlefingerpointcloud_299.png,2
rmiddlefingerpointcloud_300.png,2
rmiddlefingerpointcloud_301.png,2
rmiddlefingerpointcloud_302.png,2
rmiddlefingerpointcloud_303.png,2
rmiddlefingerpointcloud_304.png,2
rmiddlefingerpointcloud_305.png,2
rmiddlefingerpointcloud_306.png,2
rmiddlefingerpointcloud_307.png,2
rmiddlefingerpointcloud_308.png,2
rmiddlefingerpointcloud_309.png,2
rmiddlefingerpointcloud_310.png,2
rmiddlefingerpointcloud_311.png,2
rmiddlefingerpointcloud_312.png,2
rmiddlefingerpointcloud_313.png,2
rmiddlefingerpointcloud_314.png,2
rmiddlefingerpointcloud_315.png,2
rmiddlefingerpointcloud_316.png,2
rmiddlefingerpointcloud_317.png,2
rmiddlefingerpointcloud_318.png,2
rmiddlefingerpointcloud_319.png,2
rmiddlefingerpointcloud_320.png,2
rmiddlefingerpointcloud_321.png,2
rmiddlefingerpointcloud_322.png,2
rmiddlefingerpointcloud_323.png,2
rmiddlefingerpointcloud_324.png,2
rmiddlefingerpointcloud_325.png,2
rmiddlefingerpointcloud_326.png,2
rmiddlefingerpointcloud_327.png,2
rmiddlefingerpointcloud_328.png,2
rmiddlefingerpointcloud_329.png,2
rmiddlefingerpointcloud_330.png,2
rmiddlefingerpointcloud_331.png,2
rmiddlefingerpointcloud_332.png,2
rpeacepointcloud_000.png,3
rpeacepointcloud_001.png,3
rpeacepointcloud_002.png,3
rpeacepointcloud_003.png,3
rpeacepointcloud_004.png,3
rpeacepointcloud_005.png,3
rpeacepointcloud_006.png,3
rpeacepointcloud_007.png,3
rpeacepointcloud_008.png,3
rpeacepointcloud_009.png,3
rpeacepointcloud_010.png,3
rpeacepointcloud_011.png,3
rpeacepointcloud_012.png,3
rpeacepointcloud_013.png,3
rpeacepointcloud_014.png,3
rpeacepointcloud_015.png,3
rpeacepointcloud_016.png,3
rpeacepointcloud_017.png,3
rpeacepointcloud_018.png,3
rpeacepointcloud_019.png,3
rpeacepointcloud_020.png,3
rpeacepointcloud_021.png,3
rpeacepointcloud_022.png,3
rpeacepointcloud_023.png,3
rpeacepointcloud_024.png,3
rpeacepointcloud_025.png,3
rpeacepointcloud_026.png,3
rpeacepointcloud_027.png,3
rpeacepointcloud_028.png,3
rpeacepointcloud_029.png,3
rpeacepointcloud_030.png,3
rpeacepointcloud_031.png,3
rpeacepointcloud_032.png,3
rpeacepointcloud_033.png,3
rpeacepointcloud_034.png,3
rpeacepointcloud_035.png,3
rpeacepointcloud_036.png,3
rpeacepointcloud_037.png,3
rpeacepointcloud_038.png,3
rpeacepointcloud_039.png,3
rpeacepointcloud_040.png,3
rpeacepointcloud_041.png,3
rpeacepointcloud_042.png,3
rpeacepointcloud_043.png,3
rpeacepointcloud_044.png,3
rpeacepointcloud_045.png,3
rpeacepointcloud_046.png,3
rpeacepointcloud_047.png,3
rpeacepointcloud_048.png,3
rpeacepointcloud_049.png,3
rpeacepointcloud_050.png,3
rpeacepointcloud_051.png,3
rpeacepointcloud_052.png,3
rpeacepointcloud_053.png,3
rpeacepointcloud_054.png,3
rpeacepointcloud_055.png,3
rpeacepointcloud_056.png,3
rpeacepointcloud_057.png,3
rpeacepointcloud_058.png,3
rpeacepointcloud_059.png,3
rpeacepointcloud_060.png,3
rpeacepointcloud_061.png,3
rpeacepointcloud_062.png,3
rpeacepointcloud_063.png,3
rpeacepointcloud_064.png,3
rpeacepointcloud_065.png,3
rpeacepointcloud_066.png,3
rpeacepointcloud_067.png,3
rpeacepointcloud_068.png,3
rpeacepointcloud_069.png,3
rpeacepointcloud_070.png,3
rpeacepointcloud_071.png,3
rpeacepointcloud_072.png,3
rpeacepointcloud_073.png,3
rpeacepointcloud_074.png,3
rpeacepointcloud_075.png,3
rpeacepointcloud_076.png,3
rpeacepointcloud_077.png,3
rpeacepointcloud_078.png,3
rpeacepointcloud_079.png,3
rpeacepointcloud_080.png,3
rpeacepointcloud_081.png,3
rpeacepointcloud_082.png,3
rpeacepointcloud_083.png,3
rpeacepointcloud_084.png,3
rpeacepointcloud_085.png,3
rpeacepointcloud_086.png,3
rpeacepointcloud_087.png,3
rpeacepointcloud_088.png,3
rpeacepointcloud_089.png,3
rpeacepointcloud_090.png,3
rpeacepointcloud_091.png,3
rpeacepointcloud_092.png,3
rpeacepointcloud_093.png,3
rpeacepointcloud_094.png,3
rpeacepointcloud_095.png,3
rpeacepointcloud_096.png,3
rpeacepointcloud_097.png,3
rpeacepointcloud_098.png,3
rpeacepointcloud_099.png,3
rpeacepointcloud_100.png,3
rpeacepointcloud_101.png,3
rpeacepointcloud_102.png,3
rpeacepointcloud_103.png,3
rpeacepointcloud_104.png,3
rpeacepointcloud_105.png,3
rpeacepointcloud_106.png,3
rpeacepointcloud_107.png,3
rpeacepointcloud_108.png,3
rpeacepointcloud_109.png,3
rpeacepointcloud_110.png,3
rpeacepointcloud_111.png,3
rpeacepointcloud_112.png,3
rpeacepointcloud_113.png,3
rpeacepointcloud_114.png,3
rpeacepointcloud_115.png,3
rpeacepointcloud_116.png,3
rpeacepointcloud_117.png,3
rpeacepointcloud_118.png,3
rpeacepointcloud_119.png,3
rpeacepointcloud_120.png,3
rpeacepointcloud_121.png,3
rpeacepointcloud_122.png,3
rpeacepointcloud_123.png,3
rpeacepointcloud_124.png,3
rpeacepointcloud_125.png,3
rpeacepointcloud_126.png,3
rpeacepointcloud_127.png,3
rpeacepointcloud_128.png,3
rpeacepointcloud_129.png,3
rpeacepointcloud_130.png,3
rpeacepointcloud_131.png,3
rpeacepointcloud_132.png,3
rpeacepointcloud_133.png,3
rpeacepointcloud_134.png,3
rpeacepointcloud_135.png,3
rpeacepointcloud_136.png,3
rpeacepointcloud_137.png,3
rpeacepointcloud_138.png,3
rpeacepointcloud_139.png,3
rpeacepointcloud_140.png,3
rpeacepointcloud_141.png,3
rpeacepointcloud_142.png,3
rpeacepointcloud_143.png,3
rpeacepointcloud_144.png,3
rpeacepointcloud_145.png,3
rpeacepointcloud_146.png,3
rpeacepointcloud_147.png,3
rpeacepointcloud_148.png,3
rpeacepointcloud_149.png,3
rpeacepointcloud_150.png,3
rpeacepointcloud_151.png,3
rpeacepointcloud_152.png,3
rpeacepointcloud_153.png,3
rpeacepointcloud_154.png,3
rpeacepointcloud_155.png,3
rpeacepointcloud_156.png,3
rpeacepointcloud_157.png,3
rpeacepointcloud_158.png,3
rpeacepointcloud_159.png,3
rpeacepointcloud_160.png,3
rpeacepointcloud_161.png,3
rpeacepointcloud_162.png,3
rpeacepointcloud_163.png,3
rpeacepointcloud_164.png,3
rpeacepointcloud_165.png,3
rpeacepointcloud_166.png,3
rpeacepointcloud_167.png,3
rpeacepointcloud_168.png,3
rpeacepointcloud_169.png,3
rpeacepointcloud_170.png,3
rpeacepointcloud_171.png,3
rpeacepointcloud_172.png,3
rpeacepointcloud_173.png,3
rpeacepointcloud_174.png,3
rpeacepointcloud_175.png,3
rpeacepointcloud_176.png,3
rpeacepointcloud_177.png,3
rpeacepointcloud_178.png,3
rpeacepointcloud_179.png,3
rpeacepointcloud_180.png,3
rpeacepointcloud_181.png,3
rpeacepointcloud_182.png,3
rpeacepointcloud_183.png,3
rpeacepointcloud_184.png,3
rpeacepointcloud_185.png,3
rpeacepointcloud_186.png,3
rpeacepointcloud_187.png,3
rpeacepointcloud_188.png,3
rpeacepointcloud_189.png,3
rpeacepointcloud_190.png,3
rpeacepointcloud_191.png,3
rpeacepointcloud_192.png,3
rpeacepointcloud_193.png,3
rpeacepointcloud_194.png,3
rpeacepointcloud_195.png,3
rpeacepointcloud_196.png,3
rpeacepointcloud_197.png,3
rpeacepointcloud_198.png,3
rpeacepointcloud_199.png,3
rpeacepointcloud_200.png,3
rpeacepointcloud_201.png,3
rpeacepointcloud_202.png,3
rpeacepointcloud_203.png,3
rpeacepointcloud_204.png,3
rpeacepointcloud_205.png,3
rpeacepointcloud_206.png,3
rpeacepointcloud_207.png,3
rpeacepointcloud_208.png,3
rpeacepointcloud_209.png,3
rpeacepointcloud_210.png,3
rpeacepointcloud_211.png,3
rpeacepointcloud_212.png,3
rpeacepointcloud_213.png,3
rpeacepointcloud_214.png,3
rpeacepointcloud_215.png,3
rpeacepointcloud_216.png,3
rpeacepointcloud_217.png,3
rpeacepointcloud_218.png,3
rpeacepointcloud_219.png,3
rpeacepointcloud_220.png,3
rpeacepointcloud_221.png,3
rpeacepointcloud_222.png,3
rpeacepointcloud_224.png,3
rpeacepointcloud_225.png,3
rpeacepointcloud_226.png,3
rpeacepointcloud_227.png,3
rpeacepointcloud_228.png,3
rpeacepointcloud_229.png,3
rpeacepointcloud_230.png,3
rpeacepointcloud_231.png,3
rpeacepointcloud_232.png,3
rpeacepointcloud_233.png,3
rpeacepointcloud_234.png,3
rpeacepointcloud_235.png,3
rpeacepointcloud_236.png,3
rpeacepointcloud_237.png,3
rpeacepointcloud_238.png,3
rpeacepointcloud_239.png,3
rpeacepointcloud_240.png,3
rpeacepointcloud_241.png,3
rpeacepointcloud_242.png,3
rpeacepointcloud_243.png,3
rpeacepointcloud_244.png,3
rpeacepointcloud_245.png,3
rpeacepointcloud_246.png,3
rpeacepointcloud_247.png,3
rpeacepointcloud_248.png,3
rpeacepointcloud_249.png,3
rpeacepointcloud_250.png,3
rpeacepointcloud_251.png,3
rpeacepointcloud_252.png,3
rpeacepointcloud_253.png,3
rpeacepointcloud_254.png,3
rpeacepointcloud_255.png,3
rpeacepointcloud_256.png,3
rpeacepointcloud_257.png,3
rpeacepointcloud_258.png,3
rpeacepointcloud_259.png,3
rpeacepointcloud_260.png,3
rpeacepointcloud_261.png,3
rpeacepointcloud_262.png,3
rpeacepointcloud_263.png,3
rpeacepointcloud_264.png,3
rpeacepointcloud_265.png,3
rpeacepointcloud_267.png,3
rpeacepointcloud_268.png,3
rpeacepointcloud_269.png,3
rpeacepointcloud_270.png,3
rpeacepointcloud_276.png,3
rpeacepointcloud_277.png,3
rpeacepointcloud_278.png,3
rpeacepointcloud_279.png,3
rpeacepointcloud_280.png,3
rpeacepointcloud_281.png,3
rpeacepointcloud_282.png,3
rpeacepointcloud_283.png,3
rpeacepointcloud_284.png,3
rpeacepointcloud_285.png,3
rpeacepointcloud_286.png,3
rpeacepointcloud_287.png,3
rpeacepointcloud_288.png,3
rpeacepointcloud_289.png,3
rpeacepointcloud_290.png,3
rpeacepointcloud_291.png,3
rpeacepointcloud_292.png,3
rpeacepointcloud_293.png,3
rpeacepointcloud_294.png,3
rpeacepointcloud_295.png,3
rpeacepointcloud_296.png,3
rpeacepointcloud_297.png,3
rpeacepointcloud_298.png,3
rpeacepointcloud_299.png,3
rpeacepointcloud_300.png,3
rpeacepointcloud_301.png,3
rpeacepointcloud_302.png,3
rpeacepointcloud_303.png,3
rpeacepointcloud_304.png,3
rpeacepointcloud_305.png,3
rpeacepointcloud_306.png,3
rpeacepointcloud_307.png,3
rpeacepointcloud_308.png,3
rpeacepointcloud_309.png,3
rpeacepointcloud_310.png,3
rpeacepointcloud_311.png,3
rpeacepointcloud_312.png,3
rpeacepointcloud_313.png,3
rpeacepointcloud_314.png,3
rpeacepointcloud_315.png,3
rpeacepointcloud_316.png,3
rpeacepointcloud_317.png,3
rpeacepointcloud_318.png,3
rpeacepointcloud_319.png,3
rpeacepointcloud_320.png,3
rrockpointcloud_011.png,4
rrockpointcloud_012.png,4
rrockpointcloud_013.png,4
rrockpointcloud_014.png,4
rrockpointcloud_015.png,4
rrockpointcloud_016.png,4
rrockpointcloud_017.png,4
rrockpointcloud_018.png,4
rrockpointcloud_019.png,4
rrockpointcloud_020.png,4
rrockpointcloud_021.png,4
rrockpointcloud_022.png,4
rrockpointcloud_023.png,4
rrockpointcloud_024.png,4
rrockpointcloud_025.png,4
rrockpointcloud_026.png,4
rrockpointcloud_027.png,4
rrockpointcloud_028.png,4
rrockpointcloud_029.png,4
rrockpointcloud_030.png,4
rrockpointcloud_034.png,4
rrockpointcloud_035.png,4
rrockpointcloud_036.png,4
rrockpointcloud_037.png,4
rrockpointcloud_038.png,4
rrockpointcloud_039.png,4
rrockpointcloud_040.png,4
rrockpointcloud_041.png,4
rrockpointcloud_042.png,4
rrockpointcloud_043.png,4
rrockpointcloud_044.png,4
rrockpointcloud_045.png,4
rrockpointcloud_046.png,4
rrockpointcloud_047.png,4
rrockpointcloud_048.png,4
rrockpointcloud_049.png,4
rrockpointcloud_050.png,4
rrockpointcloud_051.png,4
rrockpointcloud_052.png,4
rrockpointcloud_053.png,4
rrockpointcloud_054.png,4
rrockpointcloud_055.png,4
rrockpointcloud_056.png,4
rrockpointcloud_057.png,4
rrockpointcloud_063.png,4
rrockpointcloud_064.png,4
rrockpointcloud_065.png,4
rrockpointcloud_072.png,4
rrockpointcloud_075.png,4
rrockpointcloud_076.png,4
rrockpointcloud_077.png,4
rrockpointcloud_078.png,4
rrockpointcloud_079.png,4
rrockpointcloud_081.png,4
rrockpointcloud_082.png,4
rrockpointcloud_083.png,4
rrockpointcloud_084.png,4
rrockpointcloud_085.png,4
rrockpointcloud_086.png,4
rrockpointcloud_087.png,4
rrockpointcloud_088.png,4
rrockpointcloud_096.png,4
rrockpointcloud_097.png,4
rrockpointcloud_098.png,4
rrockpointcloud_099.png,4
rrockpointcloud_100.png,4
rrockpointcloud_101.png,4
rrockpointcloud_102.png,4
rrockpointcloud_112.png,4
rrockpointcloud_113.png,4
rrockpointcloud_114.png,4
rrockpointcloud_115.png,4
rrockpointcloud_116.png,4
rrockpointcloud_117.png,4
rrockpointcloud_118.png,4
rrockpointcloud_119.png,4
rrockpointcloud_120.png,4
rrockpointcloud_136.png,4
rrockpointcloud_137.png,4
rrockpointcloud_138.png,4
rrockpointcloud_139.png,4
rrockpointcloud_144.png,4
rrockpointcloud_145.png,4
rrockpointcloud_146.png,4
rrockpointcloud_147.png,4
rrockpointcloud_148.png,4
rrockpointcloud_149.png,4
rrockpointcloud_150.png,4
rrockpointcloud_151.png,4
rrockpointcloud_152.png,4
rrockpointcloud_153.png,4
rrockpointcloud_154.png,4
rrockpointcloud_155.png,4
rrockpointcloud_156.png,4
rrockpointcloud_183.png,4
rrockpointcloud_184.png,4
rrockpointcloud_185.png,4
rrockpointcloud_186.png,4
rrockpointcloud_187.png,4
rrockpointcloud_188.png,4
rrockpointcloud_189.png,4
rrockpointcloud_190.png,4
rrockpointcloud_242.png,4
rrockpointcloud_243.png,4
rrockpointcloud_255.png,4
rrockpointcloud_256.png,4
rrockpointcloud_257.png,4
rrockpointcloud_259.png,4
rrockpointcloud_305.png,4
rspidermanpointcloud_000.png,5
rspidermanpointcloud_001.png,5
rspidermanpointcloud_002.png,5
rspidermanpointcloud_003.png,5
rspidermanpointcloud_004.png,5
rspidermanpointcloud_005.png,5
rspidermanpointcloud_006.png,5
rspidermanpointcloud_007.png,5
rspidermanpointcloud_008.png,5
rspidermanpointcloud_009.png,5
rspidermanpointcloud_010.png,5
rspidermanpointcloud_011.png,5
rspidermanpointcloud_012.png,5
rspidermanpointcloud_013.png,5
rspidermanpointcloud_014.png,5
rspidermanpointcloud_015.png,5
rspidermanpointcloud_016.png,5
rspidermanpointcloud_017.png,5
rspidermanpointcloud_018.png,5
rspidermanpointcloud_019.png,5
rspidermanpointcloud_020.png,5
rspidermanpointcloud_021.png,5
rspidermanpointcloud_022.png,5
rspidermanpointcloud_023.png,5
rspidermanpointcloud_024.png,5
rspidermanpointcloud_025.png,5
rspidermanpointcloud_026.png,5
rspidermanpointcloud_027.png,5
rspidermanpointcloud_028.png,5
rspidermanpointcloud_029.png,5
rspidermanpointcloud_030.png,5
rspidermanpointcloud_031.png,5
rspidermanpointcloud_032.png,5
rspidermanpointcloud_033.png,5
rspidermanpointcloud_034.png,5
rspidermanpointcloud_035.png,5
rspidermanpointcloud_036.png,5
rspidermanpointcloud_037.png,5
rspidermanpointcloud_038.png,5
rspidermanpointcloud_039.png,5
rspidermanpointcloud_040.png,5
rspidermanpointcloud_041.png,5
rspidermanpointcloud_042.png,5
rspidermanpointcloud_043.png,5
rspidermanpointcloud_044.png,5
rspidermanpointcloud_045.png,5
rspidermanpointcloud_046.png,5
rspidermanpointcloud_047.png,5
rspidermanpointcloud_048.png,5
rspidermanpointcloud_049.png,5
rspidermanpointcloud_050.png,5
rspidermanpointcloud_051.png,5
rspidermanpointcloud_052.png,5
rspidermanpointcloud_053.png,5
rspidermanpointcloud_054.png,5
rspidermanpointcloud_055.png,5
rspidermanpointcloud_056.png,5
rspidermanpointcloud_057.png,5
rspidermanpointcloud_058.png,5
rspidermanpointcloud_059.png,5
rspidermanpointcloud_060.png,5
rspidermanpointcloud_061.png,5
rspidermanpointcloud_062.png,5
rspidermanpointcloud_063.png,5
rspidermanpointcloud_064.png,5
rspidermanpointcloud_065.png,5
rspidermanpointcloud_066.png,5
rspidermanpointcloud_067.png,5
rspidermanpointcloud_068.png,5
rspidermanpointcloud_069.png,5
rspidermanpointcloud_070.png,5
rspidermanpointcloud_071.png,5
rspidermanpointcloud_072.png,5
rspidermanpointcloud_073.png,5
rspidermanpointcloud_074.png,5
rspidermanpointcloud_075.png,5
rspidermanpointcloud_076.png,5
rspidermanpointcloud_077.png,5
rspidermanpointcloud_078.png,5
rspidermanpointcloud_079.png,5
rspidermanpointcloud_080.png,5
rspidermanpointcloud_081.png,5
rspidermanpointcloud_082.png,5
rspidermanpointcloud_083.png,5
rspidermanpointcloud_084.png,5
rspidermanpointcloud_085.png,5
rspidermanpointcloud_086.png,5
rspidermanpointcloud_087.png,5
rspidermanpointcloud_088.png,5
rspidermanpointcloud_089.png,5
rspidermanpointcloud_090.png,5
rspidermanpointcloud_091.png,5
rspidermanpointcloud_092.png,5
rspidermanpointcloud_093.png,5
rspidermanpointcloud_094.png,5
rspidermanpointcloud_095.png,5
rspidermanpointcloud_096.png,5
rspidermanpointcloud_097.png,5
rspidermanpointcloud_098.png,5
rspidermanpointcloud_099.png,5
rspidermanpointcloud_100.png,5
rspidermanpointcloud_101.png,5
rspidermanpointcloud_102.png,5
rspidermanpointcloud_103.png,5
rspidermanpointcloud_104.png,5
rspidermanpointcloud_105.png,5
rspidermanpointcloud_106.png,5
rspidermanpointcloud_107.png,5
rspidermanpointcloud_108.png,5
rspidermanpointcloud_109.png,5
rspidermanpointcloud_110.png,5
rspidermanpointcloud_111.png,5
rspidermanpointcloud_112.png,5
rspidermanpointcloud_113.png,5
rspidermanpointcloud_114.png,5
rspidermanpointcloud_115.png,5
rspidermanpointcloud_116.png,5
rspidermanpointcloud_117.png,5
rspidermanpointcloud_118.png,5
rspidermanpointcloud_119.png,5
rspidermanpointcloud_120.png,5
rspidermanpointcloud_121.png,5
rspidermanpointcloud_122.png,5
rspidermanpointcloud_123.png,5
rspidermanpointcloud_124.png,5
rspidermanpointcloud_125.png,5
rspidermanpointcloud_126.png,5
rspidermanpointcloud_127.png,5
rspidermanpointcloud_128.png,5
rspidermanpointcloud_129.png,5
rspidermanpointcloud_130.png,5
rspidermanpointcloud_131.png,5
rspidermanpointcloud_132.png,5
rspidermanpointcloud_133.png,5
rspidermanpointcloud_134.png,5
rspidermanpointcloud_135.png,5
rspidermanpointcloud_136.png,5
rspidermanpointcloud_137.png,5
rspidermanpointcloud_138.png,5
rspidermanpointcloud_139.png,5
rspidermanpointcloud_140.png,5
rspidermanpointcloud_141.png,5
rspidermanpointcloud_142.png,5
rspidermanpointcloud_143.png,5
rspidermanpointcloud_144.png,5
rspidermanpointcloud_145.png,5
rspidermanpointcloud_146.png,5
rspidermanpointcloud_147.png,5
rspidermanpointcloud_148.png,5
rspidermanpointcloud_149.png,5
rspidermanpointcloud_150.png,5
rspidermanpointcloud_151.png,5
rspidermanpointcloud_152.png,5
rspidermanpointcloud_153.png,5
rspidermanpointcloud_154.png,5
rspidermanpointcloud_155.png,5
rspidermanpointcloud_156.png,5
rspidermanpointcloud_157.png,5
rspidermanpointcloud_158.png,5
rspidermanpointcloud_159.png,5
rspidermanpointcloud_160.png,5
rspidermanpointcloud_161.png,5
rspidermanpointcloud_162.png,5
rspidermanpointcloud_163.png,5
rspidermanpointcloud_164.png,5
rspidermanpointcloud_165.png,5
rspidermanpointcloud_166.png,5
rspidermanpointcloud_167.png,5
rspidermanpointcloud_168.png,5
rspidermanpointcloud_169.png,5
rspidermanpointcloud_170.png,5
rspidermanpointcloud_171.png,5
rspidermanpointcloud_172.png,5
rspidermanpointcloud_173.png,5
rspidermanpointcloud_174.png,5
rspidermanpointcloud_175.png,5
rspidermanpointcloud_176.png,5
rspidermanpointcloud_177.png,5
rspidermanpointcloud_178.png,5
rspidermanpointcloud_179.png,5
rspidermanpointcloud_180.png,5
rspidermanpointcloud_181.png,5
rspidermanpointcloud_182.png,5
rspidermanpointcloud_183.png,5
rspidermanpointcloud_184.png,5
rspidermanpointcloud_185.png,5
rspidermanpointcloud_186.png,5
rspidermanpointcloud_187.png,5
rspidermanpointcloud_188.png,5
rspidermanpointcloud_189.png,5
rspidermanpointcloud_190.png,5
rspidermanpointcloud_191.png,5
rspidermanpointcloud_192.png,5
rspidermanpointcloud_193.png,5
rspidermanpointcloud_194.png,5
rspidermanpointcloud_195.png,5
rspidermanpointcloud_196.png,5
rspidermanpointcloud_197.png,5
rspidermanpointcloud_198.png,5
rspidermanpointcloud_199.png,5
rspidermanpointcloud_200.png,5
rspidermanpointcloud_201.png,5
rspidermanpointcloud_202.png,5
rspidermanpointcloud_203.png,5
rspidermanpointcloud_204.png,5
rspidermanpointcloud_205.png,5
rspidermanpointcloud_206.png,5
rspidermanpointcloud_207.png,5
rspidermanpointcloud_208.png,5
rspidermanpointcloud_209.png,5
rspidermanpointcloud_210.png,5
rspidermanpointcloud_211.png,5
rspidermanpointcloud_212.png,5
rspidermanpointcloud_213.png,5
rspidermanpointcloud_214.png,5
rspidermanpointcloud_215.png,5
rspidermanpointcloud_216.png,5
rspidermanpointcloud_217.png,5
rspidermanpointcloud_218.png,5
rspidermanpointcloud_219.png,5
rspidermanpointcloud_220.png,5
rspidermanpointcloud_221.png,5
rspidermanpointcloud_222.png,5
rspidermanpointcloud_223.png,5
rspidermanpointcloud_224.png,5
rspidermanpointcloud_225.png,5
rspidermanpointcloud_226.png,5
rspidermanpointcloud_227.png,5
rspidermanpointcloud_228.png,5
rspidermanpointcloud_229.png,5
rspidermanpointcloud_230.png,5
rspidermanpointcloud_231.png,5
rspidermanpointcloud_232.png,5
rspidermanpointcloud_233.png,5
rspidermanpointcloud_234.png,5
rspidermanpointcloud_235.png,5
rspidermanpointcloud_236.png,5
rspidermanpointcloud_237.png,5
rspidermanpointcloud_238.png,5
rspidermanpointcloud_239.png,5
rspidermanpointcloud_240.png,5
rspidermanpointcloud_241.png,5
rspidermanpointcloud_242.png,5
rspidermanpointcloud_243.png,5
rspidermanpointcloud_244.png,5
rspidermanpointcloud_245.png,5
rspidermanpointcloud_246.png,5
rspidermanpointcloud_247.png,5
rspidermanpointcloud_248.png,5
rspidermanpointcloud_249.png,5
rspidermanpointcloud_250.png,5
rspidermanpointcloud_251.png,5
rspidermanpointcloud_252.png,5
rspidermanpointcloud_253.png,5
rspidermanpointcloud_254.png,5
rspidermanpointcloud_255.png,5
rspidermanpointcloud_256.png,5
rspidermanpointcloud_257.png,5
rspidermanpointcloud_258.png,5
rspidermanpointcloud_259.png,5
rspidermanpointcloud_260.png,5
rspidermanpointcloud_261.png,5
rspidermanpointcloud_262.png,5
rspidermanpointcloud_263.png,5
rspidermanpointcloud_264.png,5
rspidermanpointcloud_265.png,5
rspidermanpointcloud_266.png,5
rspidermanpointcloud_267.png,5
rspidermanpointcloud_268.png,5
rspidermanpointcloud_269.png,5
rspidermanpointcloud_270.png,5
rspidermanpointcloud_271.png,5
rspidermanpointcloud_272.png,5
rspidermanpointcloud_273.png,5
rspidermanpointcloud_274.png,5
rspidermanpointcloud_275.png,5
rspidermanpointcloud_276.png,5
rspidermanpointcloud_277.png,5
rspidermanpointcloud_278.png,5
rspidermanpointcloud_279.png,5
rspidermanpointcloud_280.png,5
rspidermanpointcloud_281.png,5
rspidermanpointcloud_282.png,5
rspidermanpointcloud_283.png,5
rspidermanpointcloud_284.png,5
rspidermanpointcloud_285.png,5
rspidermanpointcloud_286.png,5
rspidermanpointcloud_287.png,5
rspidermanpointcloud_288.png,5
rspidermanpointcloud_289.png,5
rspidermanpointcloud_290.png,5
rspidermanpointcloud_291.png,5
rspidermanpointcloud_292.png,5
rspidermanpointcloud_293.png,5
rspidermanpointcloud_294.png,5
rspidermanpointcloud_295.png,5
rspidermanpointcloud_296.png,5
rspidermanpointcloud_297.png,5
rspidermanpointcloud_298.png,5
rthumbsdownpointcloud_000.png,0
rthumbsdownpointcloud_001.png,0
rthumbsdownpointcloud_002.png,0
rthumbsdownpointcloud_003.png,0
rthumbsdownpointcloud_004.png,0
rthumbsdownpointcloud_005.png,0
rthumbsdownpointcloud_006.png,0
rthumbsdownpointcloud_007.png,0
rthumbsdownpointcloud_008.png,0
rthumbsdownpointcloud_009.png,0
rthumbsdownpointcloud_010.png,0
rthumbsdownpointcloud_011.png,0
rthumbsdownpointcloud_012.png,0
rthumbsdownpointcloud_013.png,0
rthumbsdownpointcloud_014.png,0
rthumbsdownpointcloud_015.png,0
rthumbsdownpointcloud_016.png,0
rthumbsdownpointcloud_017.png,0
rthumbsdownpointcloud_018.png,0
rthumbsdownpointcloud_019.png,0
rthumbsdownpointcloud_020.png,0
rthumbsdownpointcloud_021.png,0
rthumbsdownpointcloud_022.png,0
rthumbsdownpointcloud_023.png,0
rthumbsdownpointcloud_024.png,0
rthumbsdownpointcloud_025.png,0
rthumbsdownpointcloud_026.png,0
rthumbsdownpointcloud_027.png,0
rthumbsdownpointcloud_028.png,0
rthumbsdownpointcloud_029.png,0
rthumbsdownpointcloud_030.png,0
rthumbsdownpointcloud_031.png,0
rthumbsdownpointcloud_032.png,0
rthumbsdownpointcloud_033.png,0
rthumbsdownpointcloud_034.png,0
rthumbsdownpointcloud_035.png,0
rthumbsdownpointcloud_036.png,0
rthumbsdownpointcloud_037.png,0
rthumbsdownpointcloud_038.png,0
rthumbsdownpointcloud_039.png,0
rthumbsdownpointcloud_040.png,0
rthumbsdownpointcloud_041.png,0
rthumbsdownpointcloud_042.png,0
rthumbsdownpointcloud_043.png,0
rthumbsdownpointcloud_044.png,0
rthumbsdownpointcloud_045.png,0
rthumbsdownpointcloud_046.png,0
rthumbsdownpointcloud_047.png,0
rthumbsdownpointcloud_048.png,0
rthumbsdownpointcloud_049.png,0
rthumbsdownpointcloud_050.png,0
rthumbsdownpointcloud_051.png,0
rthumbsdownpointcloud_052.png,0
rthumbsdownpointcloud_053.png,0
rthumbsdownpointcloud_054.png,0
rthumbsdownpointcloud_055.png,0
rthumbsdownpointcloud_056.png,0
rthumbsdownpointcloud_057.png,0
rthumbsdownpointcloud_058.png,0
rthumbsdownpointcloud_059.png,0
rthumbsdownpointcloud_060.png,0
rthumbsdownpointcloud_061.png,0
rthumbsdownpointcloud_062.png,0
rthumbsdownpointcloud_063.png,0
rthumbsdownpointcloud_064.png,0
rthumbsdownpointcloud_065.png,0
rthumbsdownpointcloud_066.png,0
rthumbsdownpointcloud_067.png,0
rthumbsdownpointcloud_068.png,0
rthumbsdownpointcloud_069.png,0
rthumbsdownpointcloud_070.png,0
rthumbsdownpointcloud_071.png,0
rthumbsdownpointcloud_072.png,0
rthumbsdownpointcloud_073.png,0
rthumbsdownpointcloud_074.png,0
rthumbsdownpointcloud_075.png,0
rthumbsdownpointcloud_076.png,0
rthumbsdownpointcloud_077.png,0
rthumbsdownpointcloud_078.png,0
rthumbsdownpointcloud_079.png,0
rthumbsdownpointcloud_080.png,0
rthumbsdownpointcloud_081.png,0
rthumbsdownpointcloud_082.png,0
rthumbsdownpointcloud_083.png,0
rthumbsdownpointcloud_084.png,0
rthumbsdownpointcloud_085.png,0
rthumbsdownpointcloud_086.png,0
rthumbsdownpointcloud_087.png,0
rthumbsdownpointcloud_088.png,0
rthumbsdownpointcloud_089.png,0
rthumbsdownpointcloud_090.png,0
rthumbsdownpointcloud_091.png,0
rthumbsdownpointcloud_092.png,0
rthumbsdownpointcloud_093.png,0
rthumbsdownpointcloud_094.png,0
rthumbsdownpointcloud_095.png,0
rthumbsdownpointcloud_096.png,0
rthumbsdownpointcloud_097.png,0
rthumbsdownpointcloud_098.png,0
rthumbsdownpointcloud_099.png,0
rthumbsdownpointcloud_100.png,0
rthumbsdownpointcloud_101.png,0
rthumbsdownpointcloud_102.png,0
rthumbsdownpointcloud_103.png,0
rthumbsdownpointcloud_104.png,0
rthumbsdownpointcloud_105.png,0
rthumbsdownpointcloud_106.png,0
rthumbsdownpointcloud_107.png,0
rthumbsdownpointcloud_108.png,0
rthumbsdownpointcloud_109.png,0
rthumbsdownpointcloud_110.png,0
rthumbsdownpointcloud_111.png,0
rthumbsdownpointcloud_112.png,0
rthumbsdownpointcloud_113.png,0
rthumbsdownpointcloud_114.png,0
rthumbsdownpointcloud_115.png,0
rthumbsdownpointcloud_116.png,0
rthumbsdownpointcloud_117.png,0
rthumbsdownpointcloud_118.png,0
rthumbsdownpointcloud_119.png,0
rthumbsdownpointcloud_120.png,0
rthumbsdownpointcloud_121.png,0
rthumbsdownpointcloud_122.png,0
rthumbsdownpointcloud_123.png,0
rthumbsdownpointcloud_124.png,0
rthumbsdownpointcloud_125.png,0
rthumbsdownpointcloud_126.png,0
rthumbsdownpointcloud_127.png,0
rthumbsdownpointcloud_128.png,0
rthumbsdownpointcloud_129.png,0
rthumbsdownpointcloud_130.png,0
rthumbsdownpointcloud_131.png,0
rthumbsdownpointcloud_132.png,0
rthumbsdownpointcloud_133.png,0
rthumbsdownpointcloud_134.png,0
rthumbsdownpointcloud_135.png,0
rthumbsdownpointcloud_136.png,0
rthumbsdownpointcloud_137.png,0
rthumbsdownpointcloud_138.png,0
rthumbsdownpointcloud_139.png,0
rthumbsdownpointcloud_140.png,0
rthumbsdownpointcloud_141.png,0
rthumbsdownpointcloud_142.png,0
rthumbsdownpointcloud_143.png,0
rthumbsdownpointcloud_144.png,0
rthumbsdownpointcloud_145.png,0
rthumbsdownpointcloud_146.png,0
rthumbsdownpointcloud_147.png,0
rthumbsdownpointcloud_148.png,0
rthumbsdownpointcloud_149.png,0
rthumbsdownpointcloud_150.png,0
rthumbsdownpointcloud_151.png,0
rthumbsdownpointcloud_152.png,0
rthumbsdownpointcloud_153.png,0
rthumbsdownpointcloud_154.png,0
rthumbsdownpointcloud_155.png,0
rthumbsdownpointcloud_156.png,0
rthumbsdownpointcloud_157.png,0
rthumbsdownpointcloud_158.png,0
rthumbsdownpointcloud_159.png,0
rthumbsdownpointcloud_160.png,0
rthumbsdownpointcloud_161.png,0
rthumbsdownpointcloud_162.png,0
rthumbsdownpointcloud_163.png,0
rthumbsdownpointcloud_164.png,0
rthumbsdownpointcloud_165.png,0
rthumbsdownpointcloud_166.png,0
rthumbsdownpointcloud_167.png,0
rthumbsdownpointcloud_168.png,0
rthumbsdownpointcloud_169.png,0
rthumbsdownpointcloud_170.png,0
rthumbsdownpointcloud_171.png,0
rthumbsdownpointcloud_172.png,0
rthumbsdownpointcloud_173.png,0
rthumbsdownpointcloud_174.png,0
rthumbsdownpointcloud_175.png,0
rthumbsdownpointcloud_176.png,0
rthumbsdownpointcloud_177.png,0
rthumbsdownpointcloud_178.png,0
rthumbsdownpointcloud_179.png,0
rthumbsdownpointcloud_180.png,0
rthumbsdownpointcloud_181.png,0
rthumbsdownpointcloud_182.png,0
rthumbsdownpointcloud_183.png,0
rthumbsdownpointcloud_184.png,0
rthumbsdownpointcloud_185.png,0
rthumbsdownpointcloud_186.png,0
rthumbsdownpointcloud_187.png,0
rthumbsdownpointcloud_188.png,0
rthumbsdownpointcloud_189.png,0
rthumbsdownpointcloud_190.png,0
rthumbsdownpointcloud_191.png,0
rthumbsdownpointcloud_192.png,0
rthumbsdownpointcloud_193.png,0
rthumbsdownpointcloud_194.png,0
rthumbsdownpointcloud_195.png,0
rthumbsdownpointcloud_196.png,0
rthumbsdownpointcloud_197.png,0
rthumbsdownpointcloud_198.png,0
rthumbsdownpointcloud_199.png,0
rthumbsdownpointcloud_200.png,0
rthumbsdownpointcloud_201.png,0
rthumbsdownpointcloud_202.png,0
rthumbsdownpointcloud_203.png,0
rthumbsdownpointcloud_204.png,0
rthumbsdownpointcloud_205.png,0
rthumbsdownpointcloud_206.png,0
rthumbsdownpointcloud_207.png,0
rthumbsdownpointcloud_208.png,0
rthumbsdownpointcloud_209.png,0
rthumbsdownpointcloud_210.png,0
rthumbsdownpointcloud_211.png,0
rthumbsdownpointcloud_212.png,0
rthumbsdownpointcloud_213.png,0
rthumbsdownpointcloud_214.png,0
rthumbsdownpointcloud_215.png,0
rthumbsdownpointcloud_216.png,0
rthumbsdownpointcloud_217.png,0
rthumbsdownpointcloud_218.png,0
rthumbsdownpointcloud_219.png,0
rthumbsdownpointcloud_220.png,0
rthumbsdownpointcloud_221.png,0
rthumbsdownpointcloud_222.png,0
rthumbsdownpointcloud_223.png,0
rthumbsdownpointcloud_224.png,0
rthumbsdownpointcloud_225.png,0
rthumbsdownpointcloud_226.png,0
rthumbsdownpointcloud_227.png,0
rthumbsdownpointcloud_228.png,0
rthumbsdownpointcloud_229.png,0
rthumbsdownpointcloud_230.png,0
rthumbsdownpointcloud_231.png,0
rthumbsdownpointcloud_232.png,0
rthumbsdownpointcloud_233.png,0
rthumbsdownpointcloud_234.png,0
rthumbsdownpointcloud_235.png,0
rthumbsdownpointcloud_236.png,0
rthumbsdownpointcloud_237.png,0
rthumbsdownpointcloud_238.png,0
rthumbsdownpointcloud_239.png,0
rthumbsdownpointcloud_240.png,0
rthumbsdownpointcloud_241.png,0
rthumbsdownpointcloud_242.png,0
rthumbsdownpointcloud_243.png,0
rthumbsdownpointcloud_244.png,0
rthumbsdownpointcloud_245.png,0
rthumbsdownpointcloud_246.png,0
rthumbsdownpointcloud_247.png,0
rthumbsdownpointcloud_248.png,0
rthumbsdownpointcloud_249.png,0
rthumbsdownpointcloud_250.png,0
rthumbsdownpointcloud_251.png,0
rthumbsdownpointcloud_252.png,0
rthumbsdownpointcloud_253.png,0
rthumbsdownpointcloud_254.png,0
rthumbsdownpointcloud_255.png,0
rthumbsdownpointcloud_256.png,0
rthumbsdownpointcloud_257.png,0
rthumbsdownpointcloud_258.png,0
rthumbsdownpointcloud_259.png,0
rthumbsdownpointcloud_260.png,0
rthumbsdownpointcloud_261.png,0
rthumbsdownpointcloud_262.png,0
rthumbsdownpointcloud_263.png,0
rthumbsdownpointcloud_264.png,0
rthumbsdownpointcloud_265.png,0
rthumbsdownpointcloud_266.png,0
rthumbsdownpointcloud_267.png,0
rthumbsdownpointcloud_268.png,0
rthumbsdownpointcloud_269.png,0
rthumbsdownpointcloud_270.png,0
rthumbsdownpointcloud_271.png,0
rthumbsdownpointcloud_272.png,0
rthumbsdownpointcloud_273.png,0
rthumbsdownpointcloud_274.png,0
rthumbsdownpointcloud_275.png,0
rthumbsdownpointcloud_276.png,0
rthumbsdownpointcloud_277.png,0
rthumbsdownpointcloud_278.png,0
rthumbsdownpointcloud_279.png,0
rthumbsdownpointcloud_280.png,0
rthumbsdownpointcloud_281.png,0
rthumbsdownpointcloud_282.png,0
rthumbsdownpointcloud_283.png,0
rthumbsdownpointcloud_284.png,0
rthumbsdownpointcloud_285.png,0
rthumbsdownpointcloud_286.png,0
rthumbsdownpointcloud_287.png,0
rthumbsdownpointcloud_288.png,0
rthumbsdownpointcloud_289.png,0
rthumbsdownpointcloud_290.png,0
rthumbsdownpointcloud_291.png,0
rthumbsdownpointcloud_292.png,0
rthumbsdownpointcloud_293.png,0
rthumbsdownpointcloud_294.png,0
rthumbsdownpointcloud_295.png,0
rthumbsdownpointcloud_296.png,0
rthumbsdownpointcloud_297.png,0
rthumbsdownpointcloud_298.png,0
rthumbsdownpointcloud_299.png,0
rthumbsdownpointcloud_300.png,0
rthumbsdownpointcloud_301.png,0
rthumbsdownpointcloud_302.png,0
rthumbsdownpointcloud_303.png,0
rthumbsdownpointcloud_304.png,0
rthumbsdownpointcloud_305.png,0
rthumbsdownpointcloud_306.png,0
rthumbsdownpointcloud_307.png,0
rthumbsdownpointcloud_308.png,0
rthumbsdownpointcloud_309.png,0
rthumbsdownpointcloud_310.png,0
rthumbsdownpointcloud_311.png,0
rthumbsdownpointcloud_312.png,0
rthumbsdownpointcloud_313.png,0
rthumbsdownpointcloud_314.png,0
rthumbsdownpointcloud_315.png,0
rthumbsdownpointcloud_316.png,0
rthumbsdownpointcloud_317.png,0
rthumbsdownpointcloud_318.png,0
rthumbsdownpointcloud_319.png,0
rthumbsdownpointcloud_320.png,0
rthumbsdownpointcloud_321.png,0
rthumbsdownpointcloud_322.png,0
rthumbsdownpointcloud_323.png,0
rthumbsdownpointcloud_324.png,0
rthumbsdownpointcloud_325.png,0
rthumbsdownpointcloud_326.png,0
rthumbsdownpointcloud_327.png,0
rthumbsdownpointcloud_328.png,0
rthumbsdownpointcloud_329.png,0
rthumbsdownpointcloud_330.png,0
rthumbsdownpointcloud_331.png,0
rthumbsdownpointcloud_332.png,0
rthumbsdownpointcloud_333.png,0
rthumbsdownpointcloud_334.png,0
rthumbsdownpointcloud_335.png,0
rthumbsdownpointcloud_336.png,0
rthumbsdownpointcloud_337.png,0
rthumbsdownpointcloud_338.png,0
rthumbsdownpointcloud_339.png,0
rthumbsdownpointcloud_340.png,0
rthumbsdownpointcloud_341.png,0
rthumbsdownpointcloud_342.png,0
rthumbsdownpointcloud_343.png,0
rthumbsdownpointcloud_344.png,0
rthumbsdownpointcloud_345.png,0
rthumbsdownpointcloud_346.png,0
rthumbsdownpointcloud_347.png,0
rthumbsdownpointcloud_348.png,0
rthumbsdownpointcloud_349.png,0
rthumbsdownpointcloud_350.png,0
rthumbsdownpointcloud_351.png,0
rthumbsdownpointcloud_352.png,0
rthumbsdownpointcloud_353.png,0
rthumbsdownpointcloud_354.png,0
rthumbsdownpointcloud_355.png,0
rthumbsdownpointcloud_356.png,0
rthumbsdownpointcloud_357.png,0
rthumbsuppointcloud_000.png,6
rthumbsuppointcloud_001.png,6
rthumbsuppointcloud_002.png,6
rthumbsuppointcloud_003.png,6
rthumbsuppointcloud_004.png,6
rthumbsuppointcloud_005.png,6
rthumbsuppointcloud_006.png,6
rthumbsuppointcloud_007.png,6
rthumbsuppointcloud_008.png,6
rthumbsuppointcloud_009.png,6
rthumbsuppointcloud_010.png,6
rthumbsuppointcloud_011.png,6
rthumbsuppointcloud_012.png,6
rthumbsuppointcloud_013.png,6
rthumbsuppointcloud_014.png,6
rthumbsuppointcloud_015.png,6
rthumbsuppointcloud_016.png,6
rthumbsuppointcloud_017.png,6
rthumbsuppointcloud_018.png,6
rthumbsuppointcloud_019.png,6
rthumbsuppointcloud_020.png,6
rthumbsuppointcloud_021.png,6
rthumbsuppointcloud_022.png,6
rthumbsuppointcloud_023.png,6
rthumbsuppointcloud_024.png,6
rthumbsuppointcloud_025.png,6
rthumbsuppointcloud_026.png,6
rthumbsuppointcloud_027.png,6
rthumbsuppointcloud_028.png,6
rthumbsuppointcloud_029.png,6
rthumbsuppointcloud_030.png,6
rthumbsuppointcloud_031.png,6
rthumbsuppointcloud_032.png,6
rthumbsuppointcloud_033.png,6
rthumbsuppointcloud_034.png,6
rthumbsuppointcloud_035.png,6
rthumbsuppointcloud_036.png,6
rthumbsuppointcloud_037.png,6
rthumbsuppointcloud_038.png,6
rthumbsuppointcloud_039.png,6
rthumbsuppointcloud_040.png,6
rthumbsuppointcloud_041.png,6
rthumbsuppointcloud_042.png,6
rthumbsuppointcloud_043.png,6
rthumbsuppointcloud_044.png,6
rthumbsuppointcloud_045.png,6
rthumbsuppointcloud_046.png,6
rthumbsuppointcloud_047.png,6
rthumbsuppointcloud_048.png,6
rthumbsuppointcloud_049.png,6
rthumbsuppointcloud_050.png,6
rthumbsuppointcloud_051.png,6
rthumbsuppointcloud_052.png,6
rthumbsuppointcloud_053.png,6
rthumbsuppointcloud_054.png,6
rthumbsuppointcloud_055.png,6
rthumbsuppointcloud_056.png,6
rthumbsuppointcloud_057.png,6
rthumbsuppointcloud_058.png,6
rthumbsuppointcloud_059.png,6
rthumbsuppointcloud_060.png,6
rthumbsuppointcloud_061.png,6
rthumbsuppointcloud_062.png,6
rthumbsuppointcloud_063.png,6
rthumbsuppointcloud_064.png,6
rthumbsuppointcloud_065.png,6
rthumbsuppointcloud_066.png,6
rthumbsuppointcloud_067.png,6
rthumbsuppointcloud_068.png,6
rthumbsuppointcloud_069.png,6
rthumbsuppointcloud_070.png,6
rthumbsuppointcloud_071.png,6
rthumbsuppointcloud_072.png,6
rthumbsuppointcloud_073.png,6
rthumbsuppointcloud_074.png,6
rthumbsuppointcloud_075.png,6
rthumbsuppointcloud_076.png,6
rthumbsuppointcloud_077.png,6
rthumbsuppointcloud_078.png,6
rthumbsuppointcloud_079.png,6
rthumbsuppointcloud_080.png,6
rthumbsuppointcloud_081.png,6
rthumbsuppointcloud_082.png,6
rthumbsuppointcloud_083.png,6
rthumbsuppointcloud_084.png,6
rthumbsuppointcloud_085.png,6
rthumbsuppointcloud_086.png,6
rthumbsuppointcloud_087.png,6
rthumbsuppointcloud_088.png,6
rthumbsuppointcloud_089.png,6
rthumbsuppointcloud_090.png,6
rthumbsuppointcloud_091.png,6
rthumbsuppointcloud_092.png,6
rthumbsuppointcloud_093.png,6
rthumbsuppointcloud_094.png,6
rthumbsuppointcloud_095.png,6
rthumbsuppointcloud_096.png,6
rthumbsuppointcloud_097.png,6
rthumbsuppointcloud_098.png,6
rthumbsuppointcloud_099.png,6
rthumbsuppointcloud_100.png,6
rthumbsuppointcloud_101.png,6
rthumbsuppointcloud_102.png,6
rthumbsuppointcloud_103.png,6
rthumbsuppointcloud_104.png,6
rthumbsuppointcloud_105.png,6
rthumbsuppointcloud_106.png,6
rthumbsuppointcloud_107.png,6
rthumbsuppointcloud_108.png,6
rthumbsuppointcloud_109.png,6
rthumbsuppointcloud_110.png,6
rthumbsuppointcloud_111.png,6
rthumbsuppointcloud_112.png,6
rthumbsuppointcloud_113.png,6
rthumbsuppointcloud_114.png,6
rthumbsuppointcloud_115.png,6
rthumbsuppointcloud_116.png,6
rthumbsuppointcloud_117.png,6
rthumbsuppointcloud_118.png,6
rthumbsuppointcloud_119.png,6
rthumbsuppointcloud_120.png,6
rthumbsuppointcloud_121.png,6
rthumbsuppointcloud_122.png,6
rthumbsuppointcloud_123.png,6
rthumbsuppointcloud_124.png,6
rthumbsuppointcloud_125.png,6
rthumbsuppointcloud_126.png,6
rthumbsuppointcloud_127.png,6
rthumbsuppointcloud_128.png,6
rthumbsuppointcloud_129.png,6
rthumbsuppointcloud_130.png,6
rthumbsuppointcloud_131.png,6
rthumbsuppointcloud_132.png,6
rthumbsuppointcloud_133.png,6
rthumbsuppointcloud_134.png,6
rthumbsuppointcloud_135.png,6
rthumbsuppointcloud_136.png,6
rthumbsuppointcloud_137.png,6
rthumbsuppointcloud_138.png,6
rthumbsuppointcloud_139.png,6
rthumbsuppointcloud_140.png,6
rthumbsuppointcloud_141.png,6
rthumbsuppointcloud_142.png,6
rthumbsuppointcloud_143.png,6
rthumbsuppointcloud_144.png,6
rthumbsuppointcloud_145.png,6
rthumbsuppointcloud_146.png,6
rthumbsuppointcloud_147.png,6
rthumbsuppointcloud_148.png,6
rthumbsuppointcloud_149.png,6
rthumbsuppointcloud_150.png,6
rthumbsuppointcloud_151.png,6
rthumbsuppointcloud_152.png,6
rthumbsuppointcloud_153.png,6
rthumbsuppointcloud_154.png,6
rthumbsuppointcloud_155.png,6
rthumbsuppointcloud_156.png,6
rthumbsuppointcloud_157.png,6
rthumbsuppointcloud_158.png,6
rthumbsuppointcloud_159.png,6
rthumbsuppointcloud_160.png,6
rthumbsuppointcloud_161.png,6
rthumbsuppointcloud_162.png,6
rthumbsuppointcloud_163.png,6
rthumbsuppointcloud_164.png,6
rthumbsuppointcloud_165.png,6
rthumbsuppointcloud_166.png,6
rthumbsuppointcloud_167.png,6
rthumbsuppointcloud_168.png,6
rthumbsuppointcloud_169.png,6
rthumbsuppointcloud_170.png,6
rthumbsuppointcloud_171.png,6
rthumbsuppointcloud_172.png,6
rthumbsuppointcloud_173.png,6
rthumbsuppointcloud_174.png,6
rthumbsuppointcloud_175.png,6
rthumbsuppointcloud_176.png,6
rthumbsuppointcloud_177.png,6
rthumbsuppointcloud_178.png,6
rthumbsuppointcloud_179.png,6
rthumbsuppointcloud_180.png,6
rthumbsuppointcloud_181.png,6
rthumbsuppointcloud_182.png,6
rthumbsuppointcloud_183.png,6
rthumbsuppointcloud_184.png,6
rthumbsuppointcloud_185.png,6
rthumbsuppointcloud_186.png,6
rthumbsuppointcloud_187.png,6
rthumbsuppointcloud_188.png,6
rthumbsuppointcloud_189.png,6
rthumbsuppointcloud_190.png,6
rthumbsuppointcloud_191.png,6
rthumbsuppointcloud_192.png,6
rthumbsuppointcloud_193.png,6
rthumbsuppointcloud_194.png,6
rthumbsuppointcloud_195.png,6
rthumbsuppointcloud_196.png,6
rthumbsuppointcloud_197.png,6
rthumbsuppointcloud_198.png,6
rthumbsuppointcloud_199.png,6
rthumbsuppointcloud_200.png,6
rthumbsuppointcloud_201.png,6
rthumbsuppointcloud_202.png,6
rthumbsuppointcloud_203.png,6
rthumbsuppointcloud_204.png,6
rthumbsuppointcloud_205.png,6
rthumbsuppointcloud_206.png,6
rthumbsuppointcloud_207.png,6
rthumbsuppointcloud_208.png,6
rthumbsuppointcloud_209.png,6
rthumbsuppointcloud_210.png,6
rthumbsuppointcloud_211.png,6
rthumbsuppointcloud_212.png,6
rthumbsuppointcloud_213.png,6
rthumbsuppointcloud_214.png,6
rthumbsuppointcloud_215.png,6
rthumbsuppointcloud_216.png,6
rthumbsuppointcloud_217.png,6
rthumbsuppointcloud_218.png,6
rthumbsuppointcloud_219.png,6
rthumbsuppointcloud_220.png,6
rthumbsuppointcloud_221.png,6
rthumbsuppointcloud_222.png,6
rthumbsuppointcloud_223.png,6
rthumbsuppointcloud_224.png,6
rthumbsuppointcloud_225.png,6
rthumbsuppointcloud_226.png,6
rthumbsuppointcloud_227.png,6
rthumbsuppointcloud_228.png,6
rthumbsuppointcloud_229.png,6
rthumbsuppointcloud_230.png,6
rthumbsuppointcloud_231.png,6
rthumbsuppointcloud_232.png,6
rthumbsuppointcloud_233.png,6
rthumbsuppointcloud_234.png,6
rthumbsuppointcloud_235.png,6
rthumbsuppointcloud_236.png,6
rthumbsuppointcloud_237.png,6
rthumbsuppointcloud_238.png,6
rthumbsuppointcloud_239.png,6
rthumbsuppointcloud_240.png,6
rthumbsuppointcloud_241.png,6
rthumbsuppointcloud_242.png,6
rthumbsuppointcloud_243.png,6
rthumbsuppointcloud_244.png,6
rthumbsuppointcloud_245.png,6
rthumbsuppointcloud_246.png,6
rthumbsuppointcloud_247.png,6
rthumbsuppointcloud_248.png,6
rthumbsuppointcloud_249.png,6
rthumbsuppointcloud_250.png,6
rthumbsuppointcloud_251.png,6
rthumbsuppointcloud_252.png,6
rthumbsuppointcloud_253.png,6
rthumbsuppointcloud_254.png,6
rthumbsuppointcloud_255.png,6
rthumbsuppointcloud_256.png,6
rthumbsuppointcloud_257.png,6
rthumbsuppointcloud_258.png,6
rthumbsuppointcloud_259.png,6
rthumbsuppointcloud_260.png,6
rthumbsuppointcloud_261.png,6
rthumbsuppointcloud_262.png,6
rthumbsuppointcloud_263.png,6
rthumbsuppointcloud_264.png,6
rthumbsuppointcloud_265.png,6
rthumbsuppointcloud_266.png,6
rthumbsuppointcloud_267.png,6
rthumbsuppointcloud_268.png,6
rthumbsuppointcloud_269.png,6
rthumbsuppointcloud_270.png,6
rthumbsuppointcloud_271.png,6
rthumbsuppointcloud_272.png,6
rthumbsuppointcloud_273.png,6
rthumbsuppointcloud_274.png,6
rthumbsuppointcloud_275.png,6
rthumbsuppointcloud_276.png,6
rthumbsuppointcloud_277.png,6
rthumbsuppointcloud_278.png,6
rthumbsuppointcloud_279.png,6
rthumbsuppointcloud_280.png,6
rthumbsuppointcloud_281.png,6
rthumbsuppointcloud_282.png,6
rthumbsuppointcloud_283.png,6
rthumbsuppointcloud_284.png,6
rthumbsuppointcloud_285.png,6
rthumbsuppointcloud_286.png,6
rthumbsuppointcloud_287.png,6
rthumbsuppointcloud_288.png,6
rthumbsuppointcloud_289.png,6
rthumbsuppointcloud_290.png,6
rthumbsuppointcloud_291.png,6
rthumbsuppointcloud_292.png,6
rthumbsuppointcloud_293.png,6
rthumbsuppointcloud_294.png,6
rthumbsuppointcloud_295.png,6
rthumbsuppointcloud_296.png,6
rthumbsuppointcloud_297.png,6
rthumbsuppointcloud_298.png,6
rthumbsuppointcloud_299.png,6
rthumbsuppointcloud_300.png,6
rthumbsuppointcloud_301.png,6
rthumbsuppointcloud_302.png,6
rthumbsuppointcloud_303.png,6
rthumbsuppointcloud_304.png,6
rthumbsuppointcloud_305.png,6
rthumbsuppointcloud_306.png,6
rthumbsuppointcloud_307.png,6
rthumbsuppointcloud_308.png,6
rthumbsuppointcloud_309.png,6
rthumbsuppointcloud_310.png,6
rthumbsuppointcloud_311.png,6
rthumbsuppointcloud_312.png,6
rthumbsuppointcloud_313.png,6
rthumbsuppointcloud_314.png,6
rthumbsuppointcloud_315.png,6
rthumbsuppointcloud_316.png,6
rthumbsuppointcloud_317.png,6
rthumbsuppointcloud_318.png,6
rthumbsuppointcloud_319.png,6
rthumbsuppointcloud_320.png,6
rthumbsuppointcloud_321.png,6
rthumbsuppointcloud_322.png,6
rthumbsuppointcloud_323.png,6
rthumbsuppointcloud_324.png,6
rthumbsuppointcloud_325.png,6
rthumbsuppointcloud_326.png,6
rthumbsuppointcloud_327.png,6
rthumbsuppointcloud_328.png,6
rthumbsuppointcloud_329.png,6
rthumbsuppointcloud_330.png,6
rthumbsuppointcloud_331.png,6
rthumbsuppointcloud_332.png,6
rthumbsuppointcloud_333.png,6
rthumbsuppointcloud_334.png,6
rthumbsuppointcloud_335.png,6
rthumbsuppointcloud_336.png,6
rthumbsuppointcloud_337.png,6
rthumbsuppointcloud_338.png,6
rthumbsuppointcloud_339.png,6
rthumbsuppointcloud_340.png,6
rthumbsuppointcloud_341.png,6
rthumbsuppointcloud_342.png,6
rthumbsuppointcloud_343.png,6
rthumbsuppointcloud_344.png,6
rthumbsuppointcloud_345.png,6
rthumbsuppointcloud_346.png,6
rthumbsuppointcloud_347.png,6
rthumbsuppointcloud_348.png,6
rthumbsuppointcloud_349.png,6
rthumbsuppointcloud_350.png,6
rthumbsuppointcloud_351.png,6
rthumbsuppointcloud_352.png,6
rthumbsuppointcloud_353.png,6
rthumbsuppointcloud_354.png,6
rthumbsuppointcloud_355.png,6
rthumbsuppointcloud_356.png,6
rthumbsuppointcloud_357.png,6
